name,time_value,value,stderr
"Bloomington, IN",2020-04-15,1.2738947961066,0.158219147132
"Bloomington, IN",2020-04-16,1.2482723633094,0.2279975910188
"Bloomington, IN",2020-04-17,1.2969679861509,0.28938716544042
"Bloomington, IN",2020-04-18,1.5724877250485,0.3555393235069
"Bloomington, IN",2020-04-19,1.3528729568845,0.36129753731683
"Bloomington, IN",2020-04-20,1.7101907210171,0.46410317635618
"Bloomington, IN",2020-04-21,1.7124402930002,0.48003254397368
"Bloomington, IN",2020-04-22,1.6714589359686,0.47367731701996
"Bloomington, IN",2020-04-23,0.97672441699303,0.39200388176847
"Bloomington, IN",2020-04-24,1.0277178973144,0.29518431272089
"Bloomington, IN",2020-04-25,0.70063992018794,0.1292698969025
"Bloomington, IN",2020-04-26,0.72358837654898,0.1259071294387
"Bloomington, IN",2020-04-27,0.69942707711229,0.091083939392382
"Bloomington, IN",2020-04-28,0.73487829063386,0.090588472807122
"Bloomington, IN",2020-04-29,0.84499649881688,0.1062695391701
"Bloomington, IN",2020-04-30,0.93418221919454,0.12787550372076
"Bloomington, IN",2020-05-01,0.98659867553804,0.12691004427855
"Bloomington, IN",2020-05-02,1.0024452663881,0.15673407640026
"Bloomington, IN",2020-05-03,1.0057050163423,0.15839981810717
"Bloomington, IN",2020-05-04,1.1671268697623,0.18281121531484
"Bloomington, IN",2020-05-05,1.1741496961057,0.17217897986579
"Bloomington, IN",2020-05-06,1.1061538015069,0.19036826872653
"Bloomington, IN",2020-05-07,1.0747291996377,0.18439613345209
"Bloomington, IN",2020-05-08,1.0497573549808,0.19779824900667
"Bloomington, IN",2020-05-09,1.0633588570508,0.22288281717989
"Bloomington, IN",2020-05-10,1.0395014180211,0.21803311755728
"Bloomington, IN",2020-05-11,0.82348952429882,0.1250873734024
"Bloomington, IN",2020-05-12,0.82487283514461,0.12180269021038
"Bloomington, IN",2020-05-13,0.75947960324027,0.11586768309425
"Bloomington, IN",2020-05-14,0.72562130379009,0.13726734967213
"Bloomington, IN",2020-05-15,0.6125023093275,0.1310084100787
"Bloomington, IN",2020-05-16,0.59751912824494,0.12203660390569
"Bloomington, IN",2020-05-17,0.69245907162639,0.12068150977276
"Bloomington, IN",2020-05-18,0.65497462239793,0.11074357742231
"Bloomington, IN",2020-05-19,0.70096574351597,0.13281326046298
"Bloomington, IN",2020-05-20,0.88655620262013,0.12343572181605
"Bloomington, IN",2020-05-21,0.9168439352831,0.12305874217463
"Bloomington, IN",2020-05-22,0.82142114203945,0.1106402041755
"Bloomington, IN",2020-05-23,0.87175918634366,0.096323493246153
"Bloomington, IN",2020-05-24,0.76159819526848,0.083438357232194
"Bloomington, IN",2020-05-25,0.76804648157302,0.092900368217436
"Bloomington, IN",2020-05-26,0.76520284384639,0.083253763634055
"Bloomington, IN",2020-05-27,0.74376535488303,0.065113593321496
"Bloomington, IN",2020-05-28,0.80292333881533,0.069258661636991
"Bloomington, IN",2020-05-29,0.76386588425453,0.05871059318437
"Bloomington, IN",2020-05-30,0.77425806578143,0.071797574782992
"Bloomington, IN",2020-05-31,0.64964547467971,0.086503792616046
"Bloomington, IN",2020-06-01,0.52725934383224,0.087333871126686
"Bloomington, IN",2020-06-02,0.51094902236898,0.090079956564716
"Bloomington, IN",2020-06-03,0.65659450716085,0.16725779187557
"Bloomington, IN",2020-06-04,0.58818985110356,0.14837706967017
"Bloomington, IN",2020-06-05,0.58530281096302,0.15410667434679
"Bloomington, IN",2020-06-06,0.45660615395893,0.17297165249739
"Bloomington, IN",2020-06-07,0.5246935959899,0.14621953580377
"Bloomington, IN",2020-06-08,0.53174320086685,0.16551818100431
"Bloomington, IN",2020-06-09,0.82606317597357,0.20878629932159
"Bloomington, IN",2020-06-10,0.75897069189895,0.15029162570823
"Bloomington, IN",2020-06-11,0.87759817797471,0.17306742296756
"Bloomington, IN",2020-06-12,0.88788178597781,0.20068508582748
"Bloomington, IN",2020-06-13,0.8179155242549,0.20381080083175
"Bloomington, IN",2020-06-14,0.81242572245638,0.17238228934974
"Bloomington, IN",2020-06-15,0.80200328498691,0.18192489919784
"Bloomington, IN",2020-06-16,0.62969712498627,0.14197455659837
"Bloomington, IN",2020-06-17,0.55199423651829,0.12710430587847
"Bloomington, IN",2020-06-18,0.39640378052726,0.088939195090425
"Bloomington, IN",2020-06-19,0.49566610587526,0.086367762321904
"Bloomington, IN",2020-06-20,0.62346204321987,0.13546537061785
"Bloomington, IN",2020-06-21,0.61451817015852,0.15025389297793
"Bloomington, IN",2020-06-22,0.55360770254781,0.15007139586746
"Bloomington, IN",2020-06-23,0.43406102107903,0.13642110346131
"Bloomington, IN",2020-06-24,0.47600316459453,0.12855237529299
"Bloomington, IN",2020-06-25,0.45987736359949,0.1459322921241
"Bloomington, IN",2020-06-26,0.51009163299292,0.11263314312904
"Bloomington, IN",2020-06-27,0.38658430742288,0.092654943315965
"Bloomington, IN",2020-06-28,0.35514356540203,0.078480409850734
"Bloomington, IN",2020-06-29,0.36512450040793,0.086059384692367
"Bloomington, IN",2020-06-30,0.36512450040793,0.086059384692367
"Cincinnati, OH-KY-IN",2020-04-15,0.91557302469869,0.063636310556495
"Cincinnati, OH-KY-IN",2020-04-16,0.98048516416399,0.046659751313851
"Cincinnati, OH-KY-IN",2020-04-17,0.93073663814347,0.057845057906538
"Cincinnati, OH-KY-IN",2020-04-18,0.94063417734434,0.04687552113491
"Cincinnati, OH-KY-IN",2020-04-19,0.82975252524436,0.050054465134344
"Cincinnati, OH-KY-IN",2020-04-20,0.84015998574696,0.048340735230599
"Cincinnati, OH-KY-IN",2020-04-21,0.82476624632049,0.062440409347298
"Cincinnati, OH-KY-IN",2020-04-22,0.72532923144591,0.060161734101108
"Cincinnati, OH-KY-IN",2020-04-23,0.69874219847678,0.053362798975387
"Cincinnati, OH-KY-IN",2020-04-24,0.66663775862152,0.042002737732826
"Cincinnati, OH-KY-IN",2020-04-25,0.63027105777993,0.047072068161026
"Cincinnati, OH-KY-IN",2020-04-26,0.64671203838522,0.054133810414563
"Cincinnati, OH-KY-IN",2020-04-27,0.59060991190316,0.049582598931646
"Cincinnati, OH-KY-IN",2020-04-28,0.5918036689927,0.036910882917782
"Cincinnati, OH-KY-IN",2020-04-29,0.58371697613543,0.036088026411709
"Cincinnati, OH-KY-IN",2020-04-30,0.58845056847305,0.032953941443769
"Cincinnati, OH-KY-IN",2020-05-01,0.60024872446289,0.035242736709076
"Cincinnati, OH-KY-IN",2020-05-02,0.61070720780807,0.029759760909008
"Cincinnati, OH-KY-IN",2020-05-03,0.61222563750419,0.046516574101121
"Cincinnati, OH-KY-IN",2020-05-04,0.59346455392095,0.044040971683855
"Cincinnati, OH-KY-IN",2020-05-05,0.60510686140901,0.031913579931854
"Cincinnati, OH-KY-IN",2020-05-06,0.66373381283445,0.027784361875534
"Cincinnati, OH-KY-IN",2020-05-07,0.68908392012684,0.033857197325121
"Cincinnati, OH-KY-IN",2020-05-08,0.71390722530395,0.030269538356165
"Cincinnati, OH-KY-IN",2020-05-09,0.67568275072441,0.028498133428618
"Cincinnati, OH-KY-IN",2020-05-10,0.64006592694533,0.039116571839925
"Cincinnati, OH-KY-IN",2020-05-11,0.68019155872899,0.04531775332248
"Cincinnati, OH-KY-IN",2020-05-12,0.78098588945539,0.026575415772628
"Cincinnati, OH-KY-IN",2020-05-13,0.79957823819233,0.03581814859531
"Cincinnati, OH-KY-IN",2020-05-14,0.80728523660695,0.036691767244446
"Cincinnati, OH-KY-IN",2020-05-15,0.75084699990785,0.03487454060335
"Cincinnati, OH-KY-IN",2020-05-16,0.80847873251892,0.036886004742877
"Cincinnati, OH-KY-IN",2020-05-17,0.77082703141675,0.036360296841093
"Cincinnati, OH-KY-IN",2020-05-18,0.83365597461125,0.039309682149133
"Cincinnati, OH-KY-IN",2020-05-19,0.92487861871716,0.026483787560452
"Cincinnati, OH-KY-IN",2020-05-20,0.83217151059079,0.025488408572739
"Cincinnati, OH-KY-IN",2020-05-21,0.82106664633594,0.023870076849149
"Cincinnati, OH-KY-IN",2020-05-22,0.9351636826608,0.022918125143786
"Cincinnati, OH-KY-IN",2020-05-23,0.82773814612181,0.019143281159314
"Cincinnati, OH-KY-IN",2020-05-24,0.94372443542744,0.021260426453602
"Cincinnati, OH-KY-IN",2020-05-25,1.0343577627895,0.031905483937359
"Cincinnati, OH-KY-IN",2020-05-26,0.89030802060109,0.028157789499049
"Cincinnati, OH-KY-IN",2020-05-27,0.90745856073713,0.016392557584522
"Cincinnati, OH-KY-IN",2020-05-28,0.78732088193069,0.0183421720695
"Cincinnati, OH-KY-IN",2020-05-29,0.86859748104509,0.019714590191607
"Cincinnati, OH-KY-IN",2020-05-30,0.7527252918643,0.020464492798784
"Cincinnati, OH-KY-IN",2020-05-31,0.63115040685102,0.031926167440349
"Cincinnati, OH-KY-IN",2020-06-01,0.52240465470644,0.03372652899939
"Cincinnati, OH-KY-IN",2020-06-02,0.47292185910828,0.027258906126327
"Cincinnati, OH-KY-IN",2020-06-03,0.52656822019209,0.025626664184872
"Cincinnati, OH-KY-IN",2020-06-04,0.63529604147606,0.029146134325446
"Cincinnati, OH-KY-IN",2020-06-05,0.5438428326564,0.031166373979252
"Cincinnati, OH-KY-IN",2020-06-06,0.60271381931293,0.029881294082924
"Cincinnati, OH-KY-IN",2020-06-07,0.58380911528442,0.037379039711928
"Cincinnati, OH-KY-IN",2020-06-08,0.55925675117028,0.030746787153583
"Cincinnati, OH-KY-IN",2020-06-09,0.5813244952096,0.033940892921788
"Cincinnati, OH-KY-IN",2020-06-10,0.60735139808918,0.033073441162253
"Cincinnati, OH-KY-IN",2020-06-11,0.53660239070073,0.034067370970945
"Cincinnati, OH-KY-IN",2020-06-12,0.54021622928857,0.033755421392714
"Cincinnati, OH-KY-IN",2020-06-13,0.49262534929132,0.034132523827585
"Cincinnati, OH-KY-IN",2020-06-14,0.56470941457988,0.040393720992662
"Cincinnati, OH-KY-IN",2020-06-15,0.69416192439035,0.033402063358309
"Cincinnati, OH-KY-IN",2020-06-16,0.6168639171619,0.030449857665814
"Cincinnati, OH-KY-IN",2020-06-17,0.67963958236642,0.028299997759212
"Cincinnati, OH-KY-IN",2020-06-18,0.65131554130515,0.028386935213181
"Cincinnati, OH-KY-IN",2020-06-19,0.60453864637449,0.028607713170796
"Cincinnati, OH-KY-IN",2020-06-20,0.73909390462151,0.028884840659946
"Cincinnati, OH-KY-IN",2020-06-21,0.7738894960872,0.053379540255212
"Cincinnati, OH-KY-IN",2020-06-22,0.82496974135999,0.044667796600564
"Cincinnati, OH-KY-IN",2020-06-23,0.90991497130744,0.031725287019217
"Cincinnati, OH-KY-IN",2020-06-24,1.0832231408686,0.033026299340239
"Cincinnati, OH-KY-IN",2020-06-25,1.1469958466053,0.036921955790764
"Cincinnati, OH-KY-IN",2020-06-26,1.3013890952672,0.02881649101068
"Cincinnati, OH-KY-IN",2020-06-27,1.3362983641417,0.039240043823986
"Cincinnati, OH-KY-IN",2020-06-28,1.3884361062294,0.043056334160081
"Cincinnati, OH-KY-IN",2020-06-29,1.3762899525736,0.041965136242456
"Cincinnati, OH-KY-IN",2020-06-30,1.3762899525736,0.041965136242456
"Columbus, IN",2020-04-15,1.2777259201294,0.18991579285809
"Columbus, IN",2020-04-16,0.91931688371223,0.16528886429583
"Columbus, IN",2020-04-17,0.86354372806054,0.17136007845531
"Columbus, IN",2020-04-18,0.85381306231317,0.15955034024373
"Columbus, IN",2020-04-19,0.78385823978527,0.1610726634153
"Columbus, IN",2020-04-20,0.73622949600202,0.16028571436411
"Columbus, IN",2020-04-21,0.75117247277148,0.1641423118215
"Columbus, IN",2020-04-22,0.73759418676227,0.16099235209505
"Columbus, IN",2020-04-23,0.77400071931113,0.16284085497802
"Columbus, IN",2020-04-24,0.94849949984935,0.073735903819329
"Columbus, IN",2020-04-25,0.96695947680351,0.054485539352677
"Columbus, IN",2020-04-26,1.0667258473791,0.061632487414617
"Columbus, IN",2020-04-27,1.0755529369816,0.066453602743853
"Columbus, IN",2020-04-28,1.1154385636295,0.072013912966175
"Columbus, IN",2020-04-29,1.1882576043033,0.082018439558629
"Columbus, IN",2020-04-30,1.0567414857855,0.14737391484959
"Columbus, IN",2020-05-01,1.0033845134978,0.14355315782226
"Columbus, IN",2020-05-02,0.91701127299303,0.1508108068548
"Columbus, IN",2020-05-03,0.81957460186,0.14451259471402
"Columbus, IN",2020-05-04,0.72581862766876,0.15997742674351
"Columbus, IN",2020-05-05,0.70828846892228,0.15147934148457
"Columbus, IN",2020-05-06,0.67208974153729,0.1543705783358
"Columbus, IN",2020-05-07,0.71841072129773,0.1643635304587
"Columbus, IN",2020-05-08,0.75712038943584,0.1706716662292
"Columbus, IN",2020-05-09,0.7274278912652,0.17512061637538
"Columbus, IN",2020-05-10,0.73904358635109,0.056503122401682
"Columbus, IN",2020-05-11,0.83263689615433,0.053219319955495
"Columbus, IN",2020-05-12,0.87830155571879,0.052891401231976
"Columbus, IN",2020-05-13,0.84810304794563,0.055165480773848
"Columbus, IN",2020-05-14,0.82114795749118,0.048652005875382
"Columbus, IN",2020-05-15,0.79648090254127,0.066002607483105
"Columbus, IN",2020-05-16,0.82057292553663,0.045011710576848
"Columbus, IN",2020-05-17,0.89699523129633,0.050983506588885
"Columbus, IN",2020-05-18,0.88865566348924,0.051503312825782
"Columbus, IN",2020-05-19,0.88982036064608,0.048221439903906
"Columbus, IN",2020-05-20,0.98568926978789,0.036878900872231
"Columbus, IN",2020-05-21,0.99226802750011,0.041076478222777
"Columbus, IN",2020-05-22,0.92372118569574,0.041995433305378
"Columbus, IN",2020-05-23,1.0792068521283,0.06383887552467
"Columbus, IN",2020-05-24,0.98776594768822,0.068921142755641
"Columbus, IN",2020-05-25,0.96823224325321,0.18358205764924
"Columbus, IN",2020-05-26,0.88549681570001,0.11925836332765
"Columbus, IN",2020-05-27,0.87362129982895,0.12415798450412
"Columbus, IN",2020-05-28,0.9363983222975,0.11768765296813
"Columbus, IN",2020-05-29,0.88222027331226,0.12810551850517
"Columbus, IN",2020-05-30,0.98292082838776,0.1473452873183
"Columbus, IN",2020-05-31,1.1950435967093,0.26304716761653
"Columbus, IN",2020-06-01,1.1652074711212,0.26260452405724
"Columbus, IN",2020-06-02,1.2775331351603,0.27689170701137
"Columbus, IN",2020-06-03,1.4449131263223,0.3517208216582
"Columbus, IN",2020-06-04,1.3865646384319,0.37308792891014
"Columbus, IN",2020-06-05,1.4713554353375,0.35120418448666
"Columbus, IN",2020-06-06,1.2279295116808,0.32454546711877
"Columbus, IN",2020-06-07,0.91629701630433,0.25119760742904
"Columbus, IN",2020-06-08,0.87886000829519,0.23718604276396
"Columbus, IN",2020-06-09,0.77656502277869,0.24915527667961
"Columbus, IN",2020-06-10,0.87182222556061,0.24341985475553
"Columbus, IN",2020-06-11,0.85501264891325,0.24949726870527
"Columbus, IN",2020-06-12,0.58284756922577,0.1225827590462
"Columbus, IN",2020-06-13,0.55462379577874,0.13401639269186
"Columbus, IN",2020-06-14,0.5399179508031,0.13074179592344
"Columbus, IN",2020-06-15,0.56444132357472,0.12700186338117
"Columbus, IN",2020-06-16,0.54531314802467,0.1280043286829
"Columbus, IN",2020-06-17,0.51799948161379,0.12196297757674
"Columbus, IN",2020-06-18,0.48497734249776,0.12364720039479
"Columbus, IN",2020-06-19,0.61696207425604,0.11555781250946
"Columbus, IN",2020-06-20,0.39768376200365,0.11223042096047
"Columbus, IN",2020-06-21,0.54586640440269,0.035202641288322
"Columbus, IN",2020-06-22,0.49199697373041,0.036193922091793
"Columbus, IN",2020-06-23,0.4557934100504,0.031092829098909
"Columbus, IN",2020-06-24,0.52212563369806,0.028315373979192
"Columbus, IN",2020-06-25,0.47126259408,0.027550694095841
"Columbus, IN",2020-06-26,0.50177419966267,0.033360803464773
"Columbus, IN",2020-06-27,1.1771536481165,0.28627995064943
"Columbus, IN",2020-06-28,0.93693376301371,0.28223065837365
"Columbus, IN",2020-06-29,1.124767458164,0.28159106037812
"Columbus, IN",2020-06-30,1.124767458164,0.28159106037812
"Fort Wayne, IN",2020-04-15,1.0207035385675,0.11314786522341
"Fort Wayne, IN",2020-04-16,0.86593319243189,0.10214958655743
"Fort Wayne, IN",2020-04-17,0.83050626161144,0.10644241513691
"Fort Wayne, IN",2020-04-18,0.76402885757862,0.090086136997443
"Fort Wayne, IN",2020-04-19,0.76927943592188,0.08034861486485
"Fort Wayne, IN",2020-04-20,0.70209074069648,0.082174733138529
"Fort Wayne, IN",2020-04-21,0.87925716529636,0.10741801892764
"Fort Wayne, IN",2020-04-22,0.94668574659109,0.10717170500242
"Fort Wayne, IN",2020-04-23,0.88307170565241,0.10598467518049
"Fort Wayne, IN",2020-04-24,0.92924623153543,0.096931541950475
"Fort Wayne, IN",2020-04-25,0.94907612087143,0.097125492472617
"Fort Wayne, IN",2020-04-26,0.94119275904781,0.075550257223487
"Fort Wayne, IN",2020-04-27,1.1247089485791,0.087395535413381
"Fort Wayne, IN",2020-04-28,1.0402739152804,0.085422380152127
"Fort Wayne, IN",2020-04-29,0.97547062125266,0.074395705336822
"Fort Wayne, IN",2020-04-30,0.94217827127908,0.068966753882084
"Fort Wayne, IN",2020-05-01,0.91655290337277,0.07655166575134
"Fort Wayne, IN",2020-05-02,0.82325290641462,0.081190043236083
"Fort Wayne, IN",2020-05-03,0.77932268433405,0.077307707072132
"Fort Wayne, IN",2020-05-04,0.79924910856607,0.072747829239937
"Fort Wayne, IN",2020-05-05,0.7820738036859,0.077139719133584
"Fort Wayne, IN",2020-05-06,0.7600972969946,0.057792754629423
"Fort Wayne, IN",2020-05-07,0.73016417486965,0.065076109763375
"Fort Wayne, IN",2020-05-08,0.69212874077322,0.070534287370613
"Fort Wayne, IN",2020-05-09,0.69347752366073,0.07354383746368
"Fort Wayne, IN",2020-05-10,0.73133001821885,0.071775344168868
"Fort Wayne, IN",2020-05-11,0.6976181126268,0.078079709880771
"Fort Wayne, IN",2020-05-12,0.65258232779364,0.06643273335141
"Fort Wayne, IN",2020-05-13,0.90419969700478,0.090147667165041
"Fort Wayne, IN",2020-05-14,0.84336868917706,0.088323172281251
"Fort Wayne, IN",2020-05-15,0.7923797536698,0.072297812104099
"Fort Wayne, IN",2020-05-16,0.80315205182712,0.072814351722104
"Fort Wayne, IN",2020-05-17,0.71784909442962,0.053283213793146
"Fort Wayne, IN",2020-05-18,0.83393076583863,0.053740354161133
"Fort Wayne, IN",2020-05-19,0.82880133239639,0.057832026356116
"Fort Wayne, IN",2020-05-20,0.77187552215081,0.049045696682383
"Fort Wayne, IN",2020-05-21,0.70620213836768,0.05528903972844
"Fort Wayne, IN",2020-05-22,0.94313264215357,0.044218856492302
"Fort Wayne, IN",2020-05-23,0.8559498739752,0.04857351711826
"Fort Wayne, IN",2020-05-24,0.79141749517468,0.048351123352061
"Fort Wayne, IN",2020-05-25,0.730343402701,0.048288361978212
"Fort Wayne, IN",2020-05-26,0.72769880376992,0.05896747030121
"Fort Wayne, IN",2020-05-27,0.64411435064868,0.046300642059594
"Fort Wayne, IN",2020-05-28,0.60426103571242,0.04371345568215
"Fort Wayne, IN",2020-05-29,0.88567592697835,0.048819076970877
"Fort Wayne, IN",2020-05-30,0.85306777354076,0.050157542785774
"Fort Wayne, IN",2020-05-31,0.84015225260023,0.068973292208473
"Fort Wayne, IN",2020-06-01,0.87757062575817,0.07438109859259
"Fort Wayne, IN",2020-06-02,1.0515538240021,0.078189935864285
"Fort Wayne, IN",2020-06-03,1.0060661028609,0.087851466777507
"Fort Wayne, IN",2020-06-04,0.96224980536892,0.079500762998891
"Fort Wayne, IN",2020-06-05,0.83933431165375,0.087764421356516
"Fort Wayne, IN",2020-06-06,0.81534748469013,0.081212450473441
"Fort Wayne, IN",2020-06-07,0.74244216130145,0.081257796624257
"Fort Wayne, IN",2020-06-08,0.74029129069983,0.081805160341139
"Fort Wayne, IN",2020-06-09,0.73800895953871,0.077981313467934
"Fort Wayne, IN",2020-06-10,0.73097822623372,0.082170664651412
"Fort Wayne, IN",2020-06-11,0.77022204791897,0.076329224034674
"Fort Wayne, IN",2020-06-12,0.89086741613601,0.10101458579146
"Fort Wayne, IN",2020-06-13,0.86918306582375,0.094828067107257
"Fort Wayne, IN",2020-06-14,0.80714052184536,0.076460406507858
"Fort Wayne, IN",2020-06-15,0.68611934715284,0.069451965414802
"Fort Wayne, IN",2020-06-16,0.79516727512079,0.086369051836823
"Fort Wayne, IN",2020-06-17,0.86803238921747,0.092830760789602
"Fort Wayne, IN",2020-06-18,0.92393286391778,0.094753701213924
"Fort Wayne, IN",2020-06-19,1.1682465574516,0.072169135066334
"Fort Wayne, IN",2020-06-20,1.1445212169781,0.07954972734977
"Fort Wayne, IN",2020-06-21,1.1544907314506,0.088662888464055
"Fort Wayne, IN",2020-06-22,1.1136974287188,0.11184104080953
"Fort Wayne, IN",2020-06-23,0.97140135564892,0.088535782847623
"Fort Wayne, IN",2020-06-24,0.89547706942038,0.071570739516442
"Fort Wayne, IN",2020-06-25,0.83232797060607,0.078672707372952
"Fort Wayne, IN",2020-06-26,0.7967685639233,0.081906854747
"Fort Wayne, IN",2020-06-27,0.83603858333638,0.078434473651501
"Fort Wayne, IN",2020-06-28,0.87820623149537,0.07865921991053
"Fort Wayne, IN",2020-06-29,0.91086496021428,0.081795997577814
"Fort Wayne, IN",2020-06-30,0.91086496021428,0.081795997577814
"Elkhart-Goshen, IN",2020-04-15,1.0278362414565,0.1557072495456
"Elkhart-Goshen, IN",2020-04-16,0.80511883141006,0.15559313082947
"Elkhart-Goshen, IN",2020-04-17,0.45839723495557,0.093815396634612
"Elkhart-Goshen, IN",2020-04-18,0.52010315362728,0.077950644939318
"Elkhart-Goshen, IN",2020-04-19,0.59967121113342,0.098065622135824
"Elkhart-Goshen, IN",2020-04-20,0.73911078528764,0.09209170607288
"Elkhart-Goshen, IN",2020-04-21,0.83174684326552,0.099032455579207
"Elkhart-Goshen, IN",2020-04-22,1.0819548377752,0.1576767263059
"Elkhart-Goshen, IN",2020-04-23,1.1270062822335,0.16560899077952
"Elkhart-Goshen, IN",2020-04-24,1.1665496082229,0.1390019850185
"Elkhart-Goshen, IN",2020-04-25,1.0719396085811,0.15053750981149
"Elkhart-Goshen, IN",2020-04-26,0.9703309062106,0.11324726507139
"Elkhart-Goshen, IN",2020-04-27,0.91789050473079,0.10876079167144
"Elkhart-Goshen, IN",2020-04-28,0.89708946231199,0.10553335874479
"Elkhart-Goshen, IN",2020-04-29,0.81399557188728,0.08536026889669
"Elkhart-Goshen, IN",2020-04-30,0.85726017190392,0.088386299905739
"Elkhart-Goshen, IN",2020-05-01,0.8693146945174,0.09650129753539
"Elkhart-Goshen, IN",2020-05-02,0.90691499585966,0.099584914322516
"Elkhart-Goshen, IN",2020-05-03,0.88291462220349,0.084743106578108
"Elkhart-Goshen, IN",2020-05-04,0.87567805349245,0.085243546408847
"Elkhart-Goshen, IN",2020-05-05,0.91093056329364,0.10961692071872
"Elkhart-Goshen, IN",2020-05-06,0.85802494127231,0.093294474390096
"Elkhart-Goshen, IN",2020-05-07,0.79287296387215,0.10507555981024
"Elkhart-Goshen, IN",2020-05-08,0.81113110905234,0.12053930150374
"Elkhart-Goshen, IN",2020-05-09,0.7506850248634,0.11492801053566
"Elkhart-Goshen, IN",2020-05-10,0.77487876284987,0.10793935374966
"Elkhart-Goshen, IN",2020-05-11,0.87207490859893,0.12614663311203
"Elkhart-Goshen, IN",2020-05-12,0.86838471024301,0.11771181923174
"Elkhart-Goshen, IN",2020-05-13,0.83273183735347,0.11672652638131
"Elkhart-Goshen, IN",2020-05-14,0.82611620113285,0.12057150029012
"Elkhart-Goshen, IN",2020-05-15,0.89110925056247,0.10762730630086
"Elkhart-Goshen, IN",2020-05-16,0.91206202095466,0.12121675541301
"Elkhart-Goshen, IN",2020-05-17,0.90709797422859,0.10944977366793
"Elkhart-Goshen, IN",2020-05-18,0.77859149679197,0.085082318575303
"Elkhart-Goshen, IN",2020-05-19,0.70964841561464,0.064216683007951
"Elkhart-Goshen, IN",2020-05-20,0.72279658021081,0.091965011552695
"Elkhart-Goshen, IN",2020-05-21,0.71449842772531,0.073908818584532
"Elkhart-Goshen, IN",2020-05-22,0.69405566007182,0.085636023288032
"Elkhart-Goshen, IN",2020-05-23,0.75904919856272,0.10132311815413
"Elkhart-Goshen, IN",2020-05-24,0.75094317815744,0.078650388278928
"Elkhart-Goshen, IN",2020-05-25,0.7476179891395,0.075026862185756
"Elkhart-Goshen, IN",2020-05-26,0.99794759316018,0.073519240679145
"Elkhart-Goshen, IN",2020-05-27,0.94687343967991,0.07813513691975
"Elkhart-Goshen, IN",2020-05-28,0.86160523847317,0.08066916846049
"Elkhart-Goshen, IN",2020-05-29,1.0454621280293,0.066049093989852
"Elkhart-Goshen, IN",2020-05-30,1.0264969086058,0.079381090266342
"Elkhart-Goshen, IN",2020-05-31,0.98117264822882,0.070346290167334
"Elkhart-Goshen, IN",2020-06-01,0.98140397217094,0.085245794453528
"Elkhart-Goshen, IN",2020-06-02,1.1063671057751,0.11171140889101
"Elkhart-Goshen, IN",2020-06-03,1.0387386176212,0.12235139344453
"Elkhart-Goshen, IN",2020-06-04,1.108294689041,0.099968378269201
"Elkhart-Goshen, IN",2020-06-05,1.0431503776685,0.11604068881464
"Elkhart-Goshen, IN",2020-06-06,0.9173096890183,0.10280504172908
"Elkhart-Goshen, IN",2020-06-07,1.2024965531055,0.10858603596381
"Elkhart-Goshen, IN",2020-06-08,1.2067120580877,0.11020031818883
"Elkhart-Goshen, IN",2020-06-09,1.0942827199806,0.1257947234342
"Elkhart-Goshen, IN",2020-06-10,1.0242445641744,0.098438937654852
"Elkhart-Goshen, IN",2020-06-11,0.93466841685475,0.1040444173916
"Elkhart-Goshen, IN",2020-06-12,0.96039667498213,0.13117432304318
"Elkhart-Goshen, IN",2020-06-13,1.0208949084234,0.121504842176
"Elkhart-Goshen, IN",2020-06-14,0.92621805324821,0.10614875912181
"Elkhart-Goshen, IN",2020-06-15,0.97026923387701,0.12224716674183
"Elkhart-Goshen, IN",2020-06-16,0.96933870017959,0.11932293042101
"Elkhart-Goshen, IN",2020-06-17,1.3466121557353,0.096640754911723
"Elkhart-Goshen, IN",2020-06-18,1.3580632996461,0.12922229274428
"Elkhart-Goshen, IN",2020-06-19,1.2918328628433,0.10493373563989
"Elkhart-Goshen, IN",2020-06-20,1.2884352596339,0.12378013483003
"Elkhart-Goshen, IN",2020-06-21,1.2584719823941,0.1192212068338
"Elkhart-Goshen, IN",2020-06-22,1.0737168265097,0.13017532880477
"Elkhart-Goshen, IN",2020-06-23,1.4831785197406,0.10741815715432
"Elkhart-Goshen, IN",2020-06-24,1.6315606103525,0.11129025983384
"Elkhart-Goshen, IN",2020-06-25,1.3954790479282,0.085416984417472
"Elkhart-Goshen, IN",2020-06-26,1.3048627231997,0.091038164625333
"Elkhart-Goshen, IN",2020-06-27,1.1664536593248,0.071907315011643
"Elkhart-Goshen, IN",2020-06-28,1.1577624203871,0.064827020382535
"Elkhart-Goshen, IN",2020-06-29,1.1562184469817,0.079784584232888
"Elkhart-Goshen, IN",2020-06-30,1.1562184469817,0.079784584232888
"Evansville, IN-KY",2020-04-15,1.0674896975312,0.13128528836318001
"Evansville, IN-KY",2020-04-16,1.1057829487943,0.17252121408462
"Evansville, IN-KY",2020-04-17,1.0980052570696,0.16646917189576
"Evansville, IN-KY",2020-04-18,1.0347866516324,0.16576807769217
"Evansville, IN-KY",2020-04-19,1.0208640862075,0.13744867869872
"Evansville, IN-KY",2020-04-20,1.0583916946334,0.15671686547969
"Evansville, IN-KY",2020-04-21,0.76006638763364,0.12823565129152
"Evansville, IN-KY",2020-04-22,0.77699660665386,0.150537571559
"Evansville, IN-KY",2020-04-23,0.72490994746568,0.12634428332399
"Evansville, IN-KY",2020-04-24,0.7939939566012,0.12849816935174
"Evansville, IN-KY",2020-04-25,0.87328736306302,0.12833399711402
"Evansville, IN-KY",2020-04-26,0.94906522708089,0.130537838712
"Evansville, IN-KY",2020-04-27,0.91810521301041,0.10943111902977
"Evansville, IN-KY",2020-04-28,1.0280697305623,0.11620916633072
"Evansville, IN-KY",2020-04-29,1.0101966934847,0.11561398555815
"Evansville, IN-KY",2020-04-30,0.91858795026249,0.10099343199734
"Evansville, IN-KY",2020-05-01,0.92516217875087,0.083067956549099
"Evansville, IN-KY",2020-05-02,0.78986121781061,0.068051874278833
"Evansville, IN-KY",2020-05-03,0.61329530764691,0.052305623542215
"Evansville, IN-KY",2020-05-04,0.55376610436545,0.054170378160473
"Evansville, IN-KY",2020-05-05,0.4714582495743,0.041129991861254
"Evansville, IN-KY",2020-05-06,0.41553032921164,0.041802547322502
"Evansville, IN-KY",2020-05-07,0.43986607024844,0.055957366376359
"Evansville, IN-KY",2020-05-08,0.44518969448169,0.073011251922425
"Evansville, IN-KY",2020-05-09,0.42479448755816,0.076705051304044
"Evansville, IN-KY",2020-05-10,0.5658480008603,0.097812048959305
"Evansville, IN-KY",2020-05-11,0.57398764489441,0.1003015203778
"Evansville, IN-KY",2020-05-12,0.91848398467681,0.088708376492852
"Evansville, IN-KY",2020-05-13,0.90855692334077,0.090728555207783
"Evansville, IN-KY",2020-05-14,0.77995184893815,0.063515312772381
"Evansville, IN-KY",2020-05-15,0.67446558812671,0.064377148142333
"Evansville, IN-KY",2020-05-16,0.60617280017544,0.059291900902998
"Evansville, IN-KY",2020-05-17,0.54162768785921,0.054506089158229
"Evansville, IN-KY",2020-05-18,0.52816972587447,0.055959419337914
"Evansville, IN-KY",2020-05-19,0.48730203893118,0.046712385979057
"Evansville, IN-KY",2020-05-20,0.4220564425059,0.045834823288522
"Evansville, IN-KY",2020-05-21,0.42926156124067,0.052063001717511
"Evansville, IN-KY",2020-05-22,0.450256324098,0.051519855393298
"Evansville, IN-KY",2020-05-23,0.46274368612594,0.055132091650319
"Evansville, IN-KY",2020-05-24,0.46107258270088,0.044712814320656
"Evansville, IN-KY",2020-05-25,0.48283008206585,0.048255766494291
"Evansville, IN-KY",2020-05-26,0.51578109638998,0.049316278638999
"Evansville, IN-KY",2020-05-27,0.51806938466568,0.054070124686049
"Evansville, IN-KY",2020-05-28,0.479799906168,0.055402517204546
"Evansville, IN-KY",2020-05-29,0.48246144469914,0.051957342260813
"Evansville, IN-KY",2020-05-30,0.44221727876613,0.051879316865949
"Evansville, IN-KY",2020-05-31,0.40391838455117,0.060151339304833
"Evansville, IN-KY",2020-06-01,0.3838816543115,0.058875202479404
"Evansville, IN-KY",2020-06-02,0.44900684122351,0.064181592866839
"Evansville, IN-KY",2020-06-03,0.34529052590198,0.046913204389545
"Evansville, IN-KY",2020-06-04,0.63725253396098,0.06042447328022
"Evansville, IN-KY",2020-06-05,0.66978229715166,0.078940749288706
"Evansville, IN-KY",2020-06-06,0.67234579640929,0.079096562727536
"Evansville, IN-KY",2020-06-07,0.7062604160823,0.088010575266753
"Evansville, IN-KY",2020-06-08,0.73295892686266,0.097138139531005
"Evansville, IN-KY",2020-06-09,0.6665554939728,0.075762226434616
"Evansville, IN-KY",2020-06-10,0.62244525263685,0.083878781467902
"Evansville, IN-KY",2020-06-11,0.54296420644744,0.074900871184895
"Evansville, IN-KY",2020-06-12,0.42113129069137,0.061395023477983
"Evansville, IN-KY",2020-06-13,0.39868789461704,0.053894973629375
"Evansville, IN-KY",2020-06-14,0.38723895369276,0.045701463948332
"Evansville, IN-KY",2020-06-15,0.34127907561067,0.047661242759227
"Evansville, IN-KY",2020-06-16,0.4253560054235,0.063464109110016
"Evansville, IN-KY",2020-06-17,0.41117725761876,0.06410153785294
"Evansville, IN-KY",2020-06-18,0.38243418677834,0.06212723514656
"Evansville, IN-KY",2020-06-19,0.37199917598008,0.057592242410977
"Evansville, IN-KY",2020-06-20,0.41233346166262,0.061022723046926
"Evansville, IN-KY",2020-06-21,1.5107760832557,0.064519080263296
"Evansville, IN-KY",2020-06-22,1.4455242015506,0.074542233397481
"Evansville, IN-KY",2020-06-23,1.665647500516,0.0598502726451
"Evansville, IN-KY",2020-06-24,1.4702140041234,0.058490349102083
"Evansville, IN-KY",2020-06-25,1.3254110341049,0.053284201199486
"Evansville, IN-KY",2020-06-26,1.1240363860746,0.06596611614203
"Evansville, IN-KY",2020-06-27,1.1217049182188,0.051626575337409
"Evansville, IN-KY",2020-06-28,1.0632158612828,0.045582016240916
"Evansville, IN-KY",2020-06-29,1.0749154450504,0.049764897828824
"Evansville, IN-KY",2020-06-30,1.0749154450504,0.049764897828824
"Chicago-Naperville-Elgin, IL-IN-WI",2020-04-15,1.2761682890789,0.031041849881956
"Chicago-Naperville-Elgin, IL-IN-WI",2020-04-16,1.2239629635011,0.031278577396945
"Chicago-Naperville-Elgin, IL-IN-WI",2020-04-17,1.1841501812406,0.031791817265012
"Chicago-Naperville-Elgin, IL-IN-WI",2020-04-18,1.1651756897931,0.031076255746951
"Chicago-Naperville-Elgin, IL-IN-WI",2020-04-19,1.1521859687224,0.040053380565586
"Chicago-Naperville-Elgin, IL-IN-WI",2020-04-20,1.1982859410032,0.042768090129729
"Chicago-Naperville-Elgin, IL-IN-WI",2020-04-21,1.1419993871199,0.035540740616073
"Chicago-Naperville-Elgin, IL-IN-WI",2020-04-22,1.2008527803987,0.030666449164179
"Chicago-Naperville-Elgin, IL-IN-WI",2020-04-23,1.1987266320483,0.033924628183437
"Chicago-Naperville-Elgin, IL-IN-WI",2020-04-24,1.2387157083648,0.029405020581438
"Chicago-Naperville-Elgin, IL-IN-WI",2020-04-25,1.3699605538628,0.033566923788396
"Chicago-Naperville-Elgin, IL-IN-WI",2020-04-26,1.4225647541173,0.037250308382371
"Chicago-Naperville-Elgin, IL-IN-WI",2020-04-27,1.5945790614484,0.065295101941782
"Chicago-Naperville-Elgin, IL-IN-WI",2020-04-28,1.653100176951,0.030946963633585
"Chicago-Naperville-Elgin, IL-IN-WI",2020-04-29,1.7436871046234,0.029816929530735
"Chicago-Naperville-Elgin, IL-IN-WI",2020-04-30,1.8247633045933,0.034820384913024
"Chicago-Naperville-Elgin, IL-IN-WI",2020-05-01,1.8739333103162,0.031641160409176
"Chicago-Naperville-Elgin, IL-IN-WI",2020-05-02,1.782100668786,0.030098756365389
"Chicago-Naperville-Elgin, IL-IN-WI",2020-05-03,1.759588626644,0.04759180420551
"Chicago-Naperville-Elgin, IL-IN-WI",2020-05-04,1.7406754987926,0.063078599003791
"Chicago-Naperville-Elgin, IL-IN-WI",2020-05-05,1.7572832703953,0.027286096115155
"Chicago-Naperville-Elgin, IL-IN-WI",2020-05-06,1.7420014326923,0.026914155388692
"Chicago-Naperville-Elgin, IL-IN-WI",2020-05-07,1.6682059332708,0.025570952188381
"Chicago-Naperville-Elgin, IL-IN-WI",2020-05-08,1.6169309794037,0.030673117063463
"Chicago-Naperville-Elgin, IL-IN-WI",2020-05-09,1.5047541859589,0.028236913339401
"Chicago-Naperville-Elgin, IL-IN-WI",2020-05-10,1.4142683748581,0.038775912861964
"Chicago-Naperville-Elgin, IL-IN-WI",2020-05-11,1.3797065500048,0.04436745452125
"Chicago-Naperville-Elgin, IL-IN-WI",2020-05-12,1.4147920218009,0.021017387396175
"Chicago-Naperville-Elgin, IL-IN-WI",2020-05-13,1.3755686124068,0.020662550660542
"Chicago-Naperville-Elgin, IL-IN-WI",2020-05-14,1.3122289104424,0.021310943086115
"Chicago-Naperville-Elgin, IL-IN-WI",2020-05-15,1.1920199583661,0.021474438131809
"Chicago-Naperville-Elgin, IL-IN-WI",2020-05-16,1.1501071447026,0.021089559252226
"Chicago-Naperville-Elgin, IL-IN-WI",2020-05-17,1.0859114259899,0.021564839415477
"Chicago-Naperville-Elgin, IL-IN-WI",2020-05-18,1.1001253870214,0.029535307947037
"Chicago-Naperville-Elgin, IL-IN-WI",2020-05-19,1.0488890678599,0.016017038388671
"Chicago-Naperville-Elgin, IL-IN-WI",2020-05-20,0.96836154697829,0.017244774052461002
"Chicago-Naperville-Elgin, IL-IN-WI",2020-05-21,0.9809405868227,0.016400169572417
"Chicago-Naperville-Elgin, IL-IN-WI",2020-05-22,1.0200195024429,0.016221292375563
"Chicago-Naperville-Elgin, IL-IN-WI",2020-05-23,1.0004687313275,0.015874993022404
"Chicago-Naperville-Elgin, IL-IN-WI",2020-05-24,0.94078028466412,0.018451609588567
"Chicago-Naperville-Elgin, IL-IN-WI",2020-05-25,1.014381194391,0.02801604700842
"Chicago-Naperville-Elgin, IL-IN-WI",2020-05-26,1.1790576301533,0.035272173302224
"Chicago-Naperville-Elgin, IL-IN-WI",2020-05-27,1.1768258581687,0.015034769881325
"Chicago-Naperville-Elgin, IL-IN-WI",2020-05-28,1.1603274136409,0.014616831114577
"Chicago-Naperville-Elgin, IL-IN-WI",2020-05-29,1.1287131685686,0.017242110461092
"Chicago-Naperville-Elgin, IL-IN-WI",2020-05-30,1.0825752071691,0.016978818748801
"Chicago-Naperville-Elgin, IL-IN-WI",2020-05-31,1.0203109515904,0.021906303980387
"Chicago-Naperville-Elgin, IL-IN-WI",2020-06-01,0.99701919307049,0.034103208891601997
"Chicago-Naperville-Elgin, IL-IN-WI",2020-06-02,0.94301309641782,0.02179145129276
"Chicago-Naperville-Elgin, IL-IN-WI",2020-06-03,0.8944353616325,0.020534174393475
"Chicago-Naperville-Elgin, IL-IN-WI",2020-06-04,0.8395946245106,0.018982084258868
"Chicago-Naperville-Elgin, IL-IN-WI",2020-06-05,0.81473142242182,0.022310774622321
"Chicago-Naperville-Elgin, IL-IN-WI",2020-06-06,0.78168104235783,0.021706396115041
"Chicago-Naperville-Elgin, IL-IN-WI",2020-06-07,0.73077746954253,0.025578606459984998
"Chicago-Naperville-Elgin, IL-IN-WI",2020-06-08,0.76465380222114,0.038947805848682
"Chicago-Naperville-Elgin, IL-IN-WI",2020-06-09,0.77912463308195,0.01840097998985
"Chicago-Naperville-Elgin, IL-IN-WI",2020-06-10,0.75135113341837,0.01750369131761
"Chicago-Naperville-Elgin, IL-IN-WI",2020-06-11,0.75526904678164,0.018485364301665
"Chicago-Naperville-Elgin, IL-IN-WI",2020-06-12,0.75266655742953,0.022533376637804
"Chicago-Naperville-Elgin, IL-IN-WI",2020-06-13,0.75399533667565,0.022590899375267
"Chicago-Naperville-Elgin, IL-IN-WI",2020-06-14,0.73647795242333,0.027095052596583
"Chicago-Naperville-Elgin, IL-IN-WI",2020-06-15,0.76986920182412,0.041275320014168
"Chicago-Naperville-Elgin, IL-IN-WI",2020-06-16,0.75812956357488,0.018682904218869
"Chicago-Naperville-Elgin, IL-IN-WI",2020-06-17,0.74828536095478,0.020073503230348
"Chicago-Naperville-Elgin, IL-IN-WI",2020-06-18,0.73869695016959,0.018989871893611
"Chicago-Naperville-Elgin, IL-IN-WI",2020-06-19,0.70969318833199,0.018476430831921
"Chicago-Naperville-Elgin, IL-IN-WI",2020-06-20,0.69790038660987,0.021883177096043
"Chicago-Naperville-Elgin, IL-IN-WI",2020-06-21,0.72347597061889,0.025343130366716
"Chicago-Naperville-Elgin, IL-IN-WI",2020-06-22,0.81905806306758,0.051748053080849
"Chicago-Naperville-Elgin, IL-IN-WI",2020-06-23,0.78355949502171,0.018046398376106
"Chicago-Naperville-Elgin, IL-IN-WI",2020-06-24,0.79604178262752,0.018315521824623
"Chicago-Naperville-Elgin, IL-IN-WI",2020-06-25,0.76281653829913,0.018796124662129
"Chicago-Naperville-Elgin, IL-IN-WI",2020-06-26,0.7061308551915,0.020659278247215
"Chicago-Naperville-Elgin, IL-IN-WI",2020-06-27,0.69435158168134,0.021968602268077
"Chicago-Naperville-Elgin, IL-IN-WI",2020-06-28,0.69723930611866,0.018095625987174
"Chicago-Naperville-Elgin, IL-IN-WI",2020-06-29,0.69191711888721,0.020870607099707
"Chicago-Naperville-Elgin, IL-IN-WI",2020-06-30,0.69191711888721,0.020870607099707
"Indianapolis-Carmel-Anderson, IN",2020-04-15,1.4833033759667,0.085872348221585
"Indianapolis-Carmel-Anderson, IN",2020-04-16,1.3369432009069,0.087604221507272
"Indianapolis-Carmel-Anderson, IN",2020-04-17,1.2079570290865,0.091542853722897
"Indianapolis-Carmel-Anderson, IN",2020-04-18,1.1952268583547,0.088602305628014
"Indianapolis-Carmel-Anderson, IN",2020-04-19,1.168606259238,0.073016169820504
"Indianapolis-Carmel-Anderson, IN",2020-04-20,1.146975953381,0.099389552372681
"Indianapolis-Carmel-Anderson, IN",2020-04-21,1.1407082690143,0.094089571221064
"Indianapolis-Carmel-Anderson, IN",2020-04-22,1.1443183486543,0.097028758686718
"Indianapolis-Carmel-Anderson, IN",2020-04-23,1.1851698864928,0.096889056503516
"Indianapolis-Carmel-Anderson, IN",2020-04-24,1.3406954393323,0.088531554270247
"Indianapolis-Carmel-Anderson, IN",2020-04-25,1.3649262573669,0.081978229216849
"Indianapolis-Carmel-Anderson, IN",2020-04-26,1.3813115438021,0.080745056733952
"Indianapolis-Carmel-Anderson, IN",2020-04-27,1.3260257791354,0.076911680728716
"Indianapolis-Carmel-Anderson, IN",2020-04-28,1.3737297698618,0.062685503664601
"Indianapolis-Carmel-Anderson, IN",2020-04-29,1.4682833427006,0.065380544312483
"Indianapolis-Carmel-Anderson, IN",2020-04-30,1.3201339217818,0.056412239419128
"Indianapolis-Carmel-Anderson, IN",2020-05-01,1.2389932709516,0.059233656755055
"Indianapolis-Carmel-Anderson, IN",2020-05-02,1.1869187544964,0.054972915335014
"Indianapolis-Carmel-Anderson, IN",2020-05-03,1.1518121279644,0.075339630219203
"Indianapolis-Carmel-Anderson, IN",2020-05-04,1.1079739656519,0.074901172845972
"Indianapolis-Carmel-Anderson, IN",2020-05-05,1.0225639244182,0.051091365852964
"Indianapolis-Carmel-Anderson, IN",2020-05-06,0.92925132865634,0.041746063121794
"Indianapolis-Carmel-Anderson, IN",2020-05-07,0.96413268015237,0.046739972501668
"Indianapolis-Carmel-Anderson, IN",2020-05-08,0.94865042622825,0.051904839335117
"Indianapolis-Carmel-Anderson, IN",2020-05-09,0.85563156901874,0.044084689648433
"Indianapolis-Carmel-Anderson, IN",2020-05-10,0.78474784188699,0.056601102356623
"Indianapolis-Carmel-Anderson, IN",2020-05-11,0.96143885228837,0.0771350519656
"Indianapolis-Carmel-Anderson, IN",2020-05-12,0.98133167836791,0.06235502830247
"Indianapolis-Carmel-Anderson, IN",2020-05-13,1.0215075960563,0.058174258659569
"Indianapolis-Carmel-Anderson, IN",2020-05-14,0.97159408570379,0.052562027855831
"Indianapolis-Carmel-Anderson, IN",2020-05-15,0.94255069954517,0.055841614864037
"Indianapolis-Carmel-Anderson, IN",2020-05-16,0.93040965591509,0.05378788707713
"Indianapolis-Carmel-Anderson, IN",2020-05-17,1.1024779250345,0.071389313295284
"Indianapolis-Carmel-Anderson, IN",2020-05-18,1.05480993969,0.069954824521188
"Indianapolis-Carmel-Anderson, IN",2020-05-19,0.97575946720104,0.045471668364497
"Indianapolis-Carmel-Anderson, IN",2020-05-20,1.0662853607686,0.0386885096993
"Indianapolis-Carmel-Anderson, IN",2020-05-21,1.0206281841395,0.043654888757544
"Indianapolis-Carmel-Anderson, IN",2020-05-22,0.92892266181351,0.041138368098645
"Indianapolis-Carmel-Anderson, IN",2020-05-23,1.0097070399021,0.040157284986202
"Indianapolis-Carmel-Anderson, IN",2020-05-24,0.91830487783848,0.047066491271382
"Indianapolis-Carmel-Anderson, IN",2020-05-25,0.91405274845323,0.047127288027754
"Indianapolis-Carmel-Anderson, IN",2020-05-26,1.0380958455183,0.051437362489455
"Indianapolis-Carmel-Anderson, IN",2020-05-27,1.0167002852404,0.029543460320959
"Indianapolis-Carmel-Anderson, IN",2020-05-28,1.0656820855528,0.029200792512102
"Indianapolis-Carmel-Anderson, IN",2020-05-29,1.0073362912136,0.027871523126863
"Indianapolis-Carmel-Anderson, IN",2020-05-30,0.9153739958674,0.02680475019799
"Indianapolis-Carmel-Anderson, IN",2020-05-31,0.87281598464943,0.049692170332975
"Indianapolis-Carmel-Anderson, IN",2020-06-01,0.76964160235414,0.055066391583554
"Indianapolis-Carmel-Anderson, IN",2020-06-02,0.76323459459971,0.044658005790686
"Indianapolis-Carmel-Anderson, IN",2020-06-03,0.7650333830328,0.043976321704001
"Indianapolis-Carmel-Anderson, IN",2020-06-04,0.70511502367096,0.052099741263974
"Indianapolis-Carmel-Anderson, IN",2020-06-05,0.72208539909498,0.045982314254155
"Indianapolis-Carmel-Anderson, IN",2020-06-06,0.65964180866745,0.045512638402879
"Indianapolis-Carmel-Anderson, IN",2020-06-07,0.65289856525351,0.045825178715434
"Indianapolis-Carmel-Anderson, IN",2020-06-08,0.71382256349565,0.059597774849053
"Indianapolis-Carmel-Anderson, IN",2020-06-09,0.7202539516271,0.057494901745108
"Indianapolis-Carmel-Anderson, IN",2020-06-10,0.80844707681541,0.046591131587371
"Indianapolis-Carmel-Anderson, IN",2020-06-11,0.77250941925033,0.04819776367831
"Indianapolis-Carmel-Anderson, IN",2020-06-12,0.74119643002792,0.044232778743393
"Indianapolis-Carmel-Anderson, IN",2020-06-13,0.70151298607486,0.052054803467798
"Indianapolis-Carmel-Anderson, IN",2020-06-14,0.66874886125426,0.045969928623376
"Indianapolis-Carmel-Anderson, IN",2020-06-15,0.73774113039299,0.065505419393711
"Indianapolis-Carmel-Anderson, IN",2020-06-16,0.76160311646412,0.048521166241586
"Indianapolis-Carmel-Anderson, IN",2020-06-17,0.69095320994402,0.050512959723378
"Indianapolis-Carmel-Anderson, IN",2020-06-18,0.67628883111601,0.050239474162473
"Indianapolis-Carmel-Anderson, IN",2020-06-19,0.81137986198127,0.044667691728593
"Indianapolis-Carmel-Anderson, IN",2020-06-20,0.73406643518099,0.046822251232455
"Indianapolis-Carmel-Anderson, IN",2020-06-21,0.68636888443788,0.040864103222377
"Indianapolis-Carmel-Anderson, IN",2020-06-22,0.68359821197805,0.06209935623994
"Indianapolis-Carmel-Anderson, IN",2020-06-23,0.56759075002528,0.035961812543097
"Indianapolis-Carmel-Anderson, IN",2020-06-24,0.63108065397594,0.036860304948186
"Indianapolis-Carmel-Anderson, IN",2020-06-25,0.5358566164503,0.036545488856544
"Indianapolis-Carmel-Anderson, IN",2020-06-26,0.549533837121,0.033400003304898
"Indianapolis-Carmel-Anderson, IN",2020-06-27,0.58528383751815,0.043117156652245
"Indianapolis-Carmel-Anderson, IN",2020-06-28,0.58566056258118,0.044209776177068
"Indianapolis-Carmel-Anderson, IN",2020-06-29,0.57930176422947,0.041583368329458
"Indianapolis-Carmel-Anderson, IN",2020-06-30,0.57930176422947,0.041583368329458
"Kokomo, IN",2020-04-15,1.3511225719323,0.24214438080295
"Kokomo, IN",2020-04-16,1.419187631154,0.32897448911373
"Kokomo, IN",2020-04-17,1.3602731614492,0.34653287592381
"Kokomo, IN",2020-04-18,1.3205840075427,0.33480011619684
"Kokomo, IN",2020-04-19,1.24054882859,0.33832121674601
"Kokomo, IN",2020-04-20,1.1829826470651,0.34223728320539
"Kokomo, IN",2020-04-21,1.1864989970773,0.34339150957026
"Kokomo, IN",2020-04-22,1.1688417098435,0.35222961508167
"Kokomo, IN",2020-04-23,1.1814508504895,0.35038130841125
"Kokomo, IN",2020-04-24,0.95193762909761,0.087117351239316
"Kokomo, IN",2020-04-25,0.94601580542068,0.076599900007987
"Kokomo, IN",2020-04-26,1.0327199064067,0.097795372953777
"Kokomo, IN",2020-04-27,1.0142650490599,0.10442640411598
"Kokomo, IN",2020-04-28,1.0790748248805,0.099349190251513
"Kokomo, IN",2020-04-29,1.2018799885613,0.10028508509032
"Kokomo, IN",2020-04-30,1.1615767752962,0.12684212912444
"Kokomo, IN",2020-05-01,1.1645390055839,0.11569120613239
"Kokomo, IN",2020-05-02,1.1207764263739,0.11122612428003
"Kokomo, IN",2020-05-03,1.105631109104,0.13952246355246
"Kokomo, IN",2020-05-04,1.0901956735582,0.13996192449712
"Kokomo, IN",2020-05-05,1.0604164686769,0.11662731316266
"Kokomo, IN",2020-05-06,1.099514120401,0.12796598219604
"Kokomo, IN",2020-05-07,1.205553874657,0.12658967266966
"Kokomo, IN",2020-05-08,1.2235663031209,0.12168726324776
"Kokomo, IN",2020-05-09,1.2356940606256,0.12275401729002
"Kokomo, IN",2020-05-10,1.2018420917331,0.098520617021305
"Kokomo, IN",2020-05-11,1.2967845436088,0.10900019972044
"Kokomo, IN",2020-05-12,1.3126650303566,0.08427878701838
"Kokomo, IN",2020-05-13,1.2839674035595,0.095210541551631
"Kokomo, IN",2020-05-14,1.1762965073994,0.084797908962866
"Kokomo, IN",2020-05-15,1.0948532760472,0.078570351881213
"Kokomo, IN",2020-05-16,1.0463787835614,0.074040382950333
"Kokomo, IN",2020-05-17,1.034353091392,0.058406220561642
"Kokomo, IN",2020-05-18,0.96193203819224,0.053591955803176
"Kokomo, IN",2020-05-19,0.88371689691556,0.054414901775838
"Kokomo, IN",2020-05-20,0.92410863923276,0.067130289703894
"Kokomo, IN",2020-05-21,0.77386115034456,0.1612341771261
"Kokomo, IN",2020-05-22,0.68522417419437,0.16485422829581
"Kokomo, IN",2020-05-23,0.62197747177071006,0.11964729824538
"Kokomo, IN",2020-05-24,0.61684866319016,0.11169852721997
"Kokomo, IN",2020-05-25,0.62009256943141,0.13368703287467
"Kokomo, IN",2020-05-26,0.70421036160199,0.12735843839313
"Kokomo, IN",2020-05-27,0.75430047193258,0.12988004565154
"Kokomo, IN",2020-05-28,0.87035487400077,0.14769581799658
"Kokomo, IN",2020-05-29,0.88422240218595,0.14360663427123
"Kokomo, IN",2020-05-30,0.86945740076469,0.14551287649323
"Kokomo, IN",2020-05-31,0.76700679541836,0.16564223403751
"Kokomo, IN",2020-06-01,0.97701193966065,0.32209685606914
"Kokomo, IN",2020-06-02,0.96436597778866,0.37036454322657
"Kokomo, IN",2020-06-03,0.94297637441192,0.34995186705249
"Kokomo, IN",2020-06-04,1.0078144330372,0.37400300491533
"Kokomo, IN",2020-06-05,1.0548251596918,0.39285647797962
"Kokomo, IN",2020-06-06,0.9768709029656,0.40314156625185
"Kokomo, IN",2020-06-07,0.94543980734082,0.3863617372335
"Kokomo, IN",2020-06-08,0.91740678480253,0.37157554830481
"Kokomo, IN",2020-06-09,0.89304264673889,0.36919144101987
"Kokomo, IN",2020-06-10,0.84598903707851,0.089011351686067
"Kokomo, IN",2020-06-11,0.85085711560973,0.09026685723299
"Kokomo, IN",2020-06-12,0.83228666900562,0.089524497964354
"Kokomo, IN",2020-06-13,0.82612278400255,0.092744072529113
"Kokomo, IN",2020-06-14,0.83445433352131,0.095322135707734
"Kokomo, IN",2020-06-15,0.90323759361794,0.096150905576431
"Kokomo, IN",2020-06-16,0.92910951309327,0.094565274375606
"Kokomo, IN",2020-06-17,0.85636160857638,0.088386610943973
"Kokomo, IN",2020-06-18,0.83662051011259,0.085962017204528
"Kokomo, IN",2020-06-19,0.93710169397121,0.089487997731488
"Kokomo, IN",2020-06-20,0.92420280506707,0.096782096742959
"Kokomo, IN",2020-06-21,0.88682728136493,0.091998043515064
"Kokomo, IN",2020-06-22,0.82755483559086,0.090769052191139
"Kokomo, IN",2020-06-23,0.58832197311733,0.068678847894737
"Kokomo, IN",2020-06-24,0.63498417338197,0.072384289561426
"Kokomo, IN",2020-06-25,0.56290826673061,0.065185486409634
"Kokomo, IN",2020-06-26,0.58227558689084,0.058582305110529
"Kokomo, IN",2020-06-27,0.59546816356435,0.075473888469584
"Kokomo, IN",2020-06-28,0.58360886949788,0.0726337383597
"Kokomo, IN",2020-06-29,0.6251341982661,0.071795339766159
"Kokomo, IN",2020-06-30,0.6251341982661,0.071795339766159
"Lafayette-West Lafayette, IN",2020-04-15,1.1319147552045,0.13035957451801
"Lafayette-West Lafayette, IN",2020-04-16,1.1934169390258,0.18011285485711
"Lafayette-West Lafayette, IN",2020-04-17,1.3300600851556,0.2353795066474
"Lafayette-West Lafayette, IN",2020-04-18,1.2234439420328,0.21645547261274
"Lafayette-West Lafayette, IN",2020-04-19,1.1152091881833,0.17229278694775
"Lafayette-West Lafayette, IN",2020-04-20,1.0001494524413,0.18180164518371
"Lafayette-West Lafayette, IN",2020-04-21,0.73319349041952,0.13110334871005
"Lafayette-West Lafayette, IN",2020-04-22,0.74205443720432,0.16821351166704
"Lafayette-West Lafayette, IN",2020-04-23,0.6145082113452,0.16456149850675
"Lafayette-West Lafayette, IN",2020-04-24,0.37357314465596,0.06047359922879
"Lafayette-West Lafayette, IN",2020-04-25,0.33713462231307,0.050992840985582
"Lafayette-West Lafayette, IN",2020-04-26,0.41628491300968,0.06705495564102
"Lafayette-West Lafayette, IN",2020-04-27,0.43650983748841,0.063275385126531
"Lafayette-West Lafayette, IN",2020-04-28,0.57196452925982,0.067250832640744
"Lafayette-West Lafayette, IN",2020-04-29,0.64595733663941,0.075628898709709
"Lafayette-West Lafayette, IN",2020-04-30,0.68235530538512,0.070058517902174
"Lafayette-West Lafayette, IN",2020-05-01,0.64897115886907,0.076258286814117
"Lafayette-West Lafayette, IN",2020-05-02,0.69533363739613,0.077194051983446
"Lafayette-West Lafayette, IN",2020-05-03,0.78698596777032,0.096439196756561
"Lafayette-West Lafayette, IN",2020-05-04,0.85673968951284,0.087657755637006
"Lafayette-West Lafayette, IN",2020-05-05,0.85449701455221,0.1060990072805
"Lafayette-West Lafayette, IN",2020-05-06,0.89662892091659,0.098473145043362
"Lafayette-West Lafayette, IN",2020-05-07,0.81586213303315,0.08653910339055
"Lafayette-West Lafayette, IN",2020-05-08,0.88413267896462,0.11347537633687001
"Lafayette-West Lafayette, IN",2020-05-09,0.90356904738446,0.11538667443274
"Lafayette-West Lafayette, IN",2020-05-10,0.95260236837665,0.15115787099741
"Lafayette-West Lafayette, IN",2020-05-11,1.0267139345704,0.13779385111154
"Lafayette-West Lafayette, IN",2020-05-12,0.97108603764471,0.13674175072783
"Lafayette-West Lafayette, IN",2020-05-13,0.85823389255031,0.13604358942488
"Lafayette-West Lafayette, IN",2020-05-14,0.87156344877304,0.12262655319711
"Lafayette-West Lafayette, IN",2020-05-15,0.93783528786141,0.12906853812094
"Lafayette-West Lafayette, IN",2020-05-16,0.84357198305118,0.12347496824954
"Lafayette-West Lafayette, IN",2020-05-17,0.66222561637882,0.086316862340827
"Lafayette-West Lafayette, IN",2020-05-18,0.54024344268046,0.072802445256672
"Lafayette-West Lafayette, IN",2020-05-19,0.57892272810173,0.08179449071161
"Lafayette-West Lafayette, IN",2020-05-20,0.56201902303866,0.064405321368606
"Lafayette-West Lafayette, IN",2020-05-21,0.55501440138668,0.077958659531878
"Lafayette-West Lafayette, IN",2020-05-22,0.51512064421291,0.078649587112785
"Lafayette-West Lafayette, IN",2020-05-23,0.50081494902479,0.08225611927148
"Lafayette-West Lafayette, IN",2020-05-24,0.48178501198526,0.075312046230519
"Lafayette-West Lafayette, IN",2020-05-25,0.48680526617136,0.073084956462474
"Lafayette-West Lafayette, IN",2020-05-26,0.4486727778573,0.056716330551293
"Lafayette-West Lafayette, IN",2020-05-27,0.44367749429333,0.062193560836837
"Lafayette-West Lafayette, IN",2020-05-28,0.45111721078917,0.056018694851315
"Lafayette-West Lafayette, IN",2020-05-29,0.40495385569513,0.047704809905321
"Lafayette-West Lafayette, IN",2020-05-30,0.39542548836713,0.04502602768084
"Lafayette-West Lafayette, IN",2020-05-31,0.41475888894061,0.049138628429953
"Lafayette-West Lafayette, IN",2020-06-01,0.60332636633786,0.08374379585771
"Lafayette-West Lafayette, IN",2020-06-02,0.61793991439782,0.097463869668964
"Lafayette-West Lafayette, IN",2020-06-03,0.62109614767178,0.096071452443088
"Lafayette-West Lafayette, IN",2020-06-04,0.62707938513213,0.09999073004089
"Lafayette-West Lafayette, IN",2020-06-05,0.70557024467877,0.10582025804269
"Lafayette-West Lafayette, IN",2020-06-06,0.70130779875753,0.12919339024972
"Lafayette-West Lafayette, IN",2020-06-07,0.70451539961369,0.11541194446574
"Lafayette-West Lafayette, IN",2020-06-08,0.65017114427056,0.10367613882762
"Lafayette-West Lafayette, IN",2020-06-09,0.69273036596503,0.11997385032803
"Lafayette-West Lafayette, IN",2020-06-10,0.67674358552585,0.11019507589219
"Lafayette-West Lafayette, IN",2020-06-11,0.65225209016207,0.10101091050413
"Lafayette-West Lafayette, IN",2020-06-12,0.77036728690368,0.12361667585494
"Lafayette-West Lafayette, IN",2020-06-13,0.82569821797456,0.14293189600198
"Lafayette-West Lafayette, IN",2020-06-14,0.77868691102684,0.1230257882013
"Lafayette-West Lafayette, IN",2020-06-15,0.65784256577527,0.12016979838208
"Lafayette-West Lafayette, IN",2020-06-16,0.68224358577818,0.12602737765142
"Lafayette-West Lafayette, IN",2020-06-17,0.69907783536275,0.11255667798001
"Lafayette-West Lafayette, IN",2020-06-18,0.73855219000911,0.12877048299131
"Lafayette-West Lafayette, IN",2020-06-19,0.56506929924311,0.10683067392754
"Lafayette-West Lafayette, IN",2020-06-20,0.56226193857064,0.11435649188319
"Lafayette-West Lafayette, IN",2020-06-21,0.54730995929928,0.10903375293596
"Lafayette-West Lafayette, IN",2020-06-22,0.51743889577061,0.094719209797391
"Lafayette-West Lafayette, IN",2020-06-23,0.44612570885888,0.093362501969048
"Lafayette-West Lafayette, IN",2020-06-24,0.46936474073387,0.10753734758704
"Lafayette-West Lafayette, IN",2020-06-25,0.39605280562744,0.077761878316663
"Lafayette-West Lafayette, IN",2020-06-26,0.40039600896721,0.086600942150509
"Lafayette-West Lafayette, IN",2020-06-27,0.41208842221521,0.069952762257788
"Lafayette-West Lafayette, IN",2020-06-28,0.45785342902887,0.082123832680532
"Lafayette-West Lafayette, IN",2020-06-29,0.45972256739032,0.080686179615429
"Lafayette-West Lafayette, IN",2020-06-30,0.45972256739032,0.080686179615429
"Louisville/Jefferson County, KY-IN",2020-04-15,1.1168644736104,0.087003286142787
"Louisville/Jefferson County, KY-IN",2020-04-16,0.95164495753941,0.07404680502079
"Louisville/Jefferson County, KY-IN",2020-04-17,1.1330992888963,0.11711477507278
"Louisville/Jefferson County, KY-IN",2020-04-18,1.1180180881583,0.096703404219968
"Louisville/Jefferson County, KY-IN",2020-04-19,1.0449851912712,0.081360535107795
"Louisville/Jefferson County, KY-IN",2020-04-20,1.0020171985041,0.096181670385926
"Louisville/Jefferson County, KY-IN",2020-04-21,1.0045293235642,0.089415590577226
"Louisville/Jefferson County, KY-IN",2020-04-22,1.0257443691116,0.1076080343129
"Louisville/Jefferson County, KY-IN",2020-04-23,0.94157350279403,0.089755937164604
"Louisville/Jefferson County, KY-IN",2020-04-24,0.82292668030878,0.068555736334123
"Louisville/Jefferson County, KY-IN",2020-04-25,0.86986411387611,0.074102000559633
"Louisville/Jefferson County, KY-IN",2020-04-26,0.93265088979918,0.072856952586683
"Louisville/Jefferson County, KY-IN",2020-04-27,0.95093770934544,0.071894288050367
"Louisville/Jefferson County, KY-IN",2020-04-28,0.96347682237856,0.06548124270779
"Louisville/Jefferson County, KY-IN",2020-04-29,0.96263627207434,0.064283209961993
"Louisville/Jefferson County, KY-IN",2020-04-30,0.92187828433632,0.057605817851183
"Louisville/Jefferson County, KY-IN",2020-05-01,0.88092008178607,0.057542325582371
"Louisville/Jefferson County, KY-IN",2020-05-02,0.80463828432847,0.050084415027825
"Louisville/Jefferson County, KY-IN",2020-05-03,0.75044266403006,0.051912587541875
"Louisville/Jefferson County, KY-IN",2020-05-04,0.69509995887527,0.069385697725832
"Louisville/Jefferson County, KY-IN",2020-05-05,0.66157399233764,0.0430974092159
"Louisville/Jefferson County, KY-IN",2020-05-06,0.89404009912922,0.054066650829714
"Louisville/Jefferson County, KY-IN",2020-05-07,0.8904862004311,0.052286097647553
"Louisville/Jefferson County, KY-IN",2020-05-08,0.89263953588025,0.060790564430975
"Louisville/Jefferson County, KY-IN",2020-05-09,0.88372565683027,0.074283989690538
"Louisville/Jefferson County, KY-IN",2020-05-10,0.80119882871257,0.066350793150955
"Louisville/Jefferson County, KY-IN",2020-05-11,0.73735949866573,0.068938348079941
"Louisville/Jefferson County, KY-IN",2020-05-12,0.83837364756663,0.073815191815914
"Louisville/Jefferson County, KY-IN",2020-05-13,0.68108160360024,0.054878950618092
"Louisville/Jefferson County, KY-IN",2020-05-14,0.63564054130557,0.061751925546756
"Louisville/Jefferson County, KY-IN",2020-05-15,0.65695307377522,0.058081022461871
"Louisville/Jefferson County, KY-IN",2020-05-16,0.582206139173,0.047657291435468
"Louisville/Jefferson County, KY-IN",2020-05-17,0.60169945780158,0.056635289593807
"Louisville/Jefferson County, KY-IN",2020-05-18,0.64232247089899,0.05781856289838
"Louisville/Jefferson County, KY-IN",2020-05-19,0.6412656118741,0.042557129002266
"Louisville/Jefferson County, KY-IN",2020-05-20,0.67423099620058,0.044441820288586
"Louisville/Jefferson County, KY-IN",2020-05-21,0.70581034558569,0.033233554341814
"Louisville/Jefferson County, KY-IN",2020-05-22,0.63518101196493,0.031480939437205
"Louisville/Jefferson County, KY-IN",2020-05-23,0.62235348978752,0.034303085826718
"Louisville/Jefferson County, KY-IN",2020-05-24,0.91553111178825,0.037611038111129
"Louisville/Jefferson County, KY-IN",2020-05-25,0.78910585934596,0.035070321673793
"Louisville/Jefferson County, KY-IN",2020-05-26,0.68880902349955,0.033415600899115
"Louisville/Jefferson County, KY-IN",2020-05-27,0.92948233754077,0.029233790358659
"Louisville/Jefferson County, KY-IN",2020-05-28,1.0195871644161,0.027244673223349
"Louisville/Jefferson County, KY-IN",2020-05-29,0.88103434998475,0.029970039098521
"Louisville/Jefferson County, KY-IN",2020-05-30,0.78279111365972,0.030728430345095
"Louisville/Jefferson County, KY-IN",2020-05-31,0.67493713010447,0.038374881167118
"Louisville/Jefferson County, KY-IN",2020-06-01,0.75045489304232,0.054870419633908
"Louisville/Jefferson County, KY-IN",2020-06-02,0.69729622109577,0.052870226836713
"Louisville/Jefferson County, KY-IN",2020-06-03,0.63493545893468,0.051906563481099
"Louisville/Jefferson County, KY-IN",2020-06-04,0.598074152378,0.052311296386636
"Louisville/Jefferson County, KY-IN",2020-06-05,0.60395048530882,0.058121508106678
"Louisville/Jefferson County, KY-IN",2020-06-06,0.60621017444522,0.05128195712145
"Louisville/Jefferson County, KY-IN",2020-06-07,0.54203045852498,0.05377697278726
"Louisville/Jefferson County, KY-IN",2020-06-08,0.51989920927484,0.052934167753936
"Louisville/Jefferson County, KY-IN",2020-06-09,0.56536468903529,0.049166372904802
"Louisville/Jefferson County, KY-IN",2020-06-10,0.50275708574729,0.048036851504334
"Louisville/Jefferson County, KY-IN",2020-06-11,0.49547879446222,0.050812162219129
"Louisville/Jefferson County, KY-IN",2020-06-12,0.67019622343812,0.046295239180439
"Louisville/Jefferson County, KY-IN",2020-06-13,0.59929060842133,0.047967212197226
"Louisville/Jefferson County, KY-IN",2020-06-14,0.58213752749669,0.053898508882534
"Louisville/Jefferson County, KY-IN",2020-06-15,0.61231049055393,0.053050330597375
"Louisville/Jefferson County, KY-IN",2020-06-16,0.54378653222781,0.038005193957247
"Louisville/Jefferson County, KY-IN",2020-06-17,0.57671605998625,0.045635174301523
"Louisville/Jefferson County, KY-IN",2020-06-18,0.58137545535144,0.053957825338357
"Louisville/Jefferson County, KY-IN",2020-06-19,0.5474739223668,0.045534668051879
"Louisville/Jefferson County, KY-IN",2020-06-20,0.53268287455384,0.059509588691349
"Louisville/Jefferson County, KY-IN",2020-06-21,0.51992929539633,0.061513649882107
"Louisville/Jefferson County, KY-IN",2020-06-22,0.49861820380862,0.049596523927751
"Louisville/Jefferson County, KY-IN",2020-06-23,0.48429561633652,0.055046288194775
"Louisville/Jefferson County, KY-IN",2020-06-24,0.73412779438299,0.050771618918375
"Louisville/Jefferson County, KY-IN",2020-06-25,0.67672900008379,0.045437215424214
"Louisville/Jefferson County, KY-IN",2020-06-26,0.73045767885949,0.04488084088022
"Louisville/Jefferson County, KY-IN",2020-06-27,0.762506690347,0.04611054005264
"Louisville/Jefferson County, KY-IN",2020-06-28,0.75910154521125,0.050803158109582
"Louisville/Jefferson County, KY-IN",2020-06-29,0.79438584557439,0.053333581299316
"Louisville/Jefferson County, KY-IN",2020-06-30,0.79438584557439,0.053333581299316
"Michigan City-La Porte, IN",2020-04-15,1.2331339333853,0.15693107306409
"Michigan City-La Porte, IN",2020-04-16,1.2052981541083,0.17777949973232
"Michigan City-La Porte, IN",2020-04-17,1.1618307887105,0.24584387973454
"Michigan City-La Porte, IN",2020-04-18,1.2747380403204,0.2168961901708
"Michigan City-La Porte, IN",2020-04-19,1.0030751746043,0.19271081420918
"Michigan City-La Porte, IN",2020-04-20,0.85315530908267,0.19535829021285
"Michigan City-La Porte, IN",2020-04-21,0.98159900000827,0.23615827712826
"Michigan City-La Porte, IN",2020-04-22,0.81005617906129,0.18485295100701
"Michigan City-La Porte, IN",2020-04-23,0.81811102778924,0.18375903056993
"Michigan City-La Porte, IN",2020-04-24,0.90918324457285,0.18718324371367
"Michigan City-La Porte, IN",2020-04-25,0.80831806586152,0.1289273637467
"Michigan City-La Porte, IN",2020-04-26,0.73828620296881,0.10653530133528
"Michigan City-La Porte, IN",2020-04-27,0.81781173671086,0.11848401508059
"Michigan City-La Porte, IN",2020-04-28,0.73987476227899,0.10635135751819
"Michigan City-La Porte, IN",2020-04-29,0.77791309968368,0.094210985801103
"Michigan City-La Porte, IN",2020-04-30,0.80996206610658,0.084799552489565
"Michigan City-La Porte, IN",2020-05-01,0.82418723957573,0.089965439375316
"Michigan City-La Porte, IN",2020-05-02,0.81388342611364,0.099250107129388
"Michigan City-La Porte, IN",2020-05-03,0.89761623590389,0.11344609973959
"Michigan City-La Porte, IN",2020-05-04,0.89989872296746,0.10475021534808
"Michigan City-La Porte, IN",2020-05-05,0.93101607690218,0.089440738955773
"Michigan City-La Porte, IN",2020-05-06,1.0804308121672,0.13649972010726
"Michigan City-La Porte, IN",2020-05-07,1.0769413786839,0.14836950268466
"Michigan City-La Porte, IN",2020-05-08,1.0770683100083,0.18409878057482
"Michigan City-La Porte, IN",2020-05-09,0.96060425517118,0.19116874281896
"Michigan City-La Porte, IN",2020-05-10,0.87783932849395,0.16689259873318
"Michigan City-La Porte, IN",2020-05-11,0.85987876128775,0.16014609188225
"Michigan City-La Porte, IN",2020-05-12,0.93941851600443,0.15638421332812
"Michigan City-La Porte, IN",2020-05-13,0.82892108204824,0.10623005211906
"Michigan City-La Porte, IN",2020-05-14,0.80528146553267,0.10575610894537
"Michigan City-La Porte, IN",2020-05-15,0.79714156670236,0.13561878496515
"Michigan City-La Porte, IN",2020-05-16,0.73784667755718,0.12071965528723
"Michigan City-La Porte, IN",2020-05-17,0.7468901164894,0.1203899366615
"Michigan City-La Porte, IN",2020-05-18,0.7781536984374,0.1165912164629
"Michigan City-La Porte, IN",2020-05-19,0.8107696888323,0.11511124403128
"Michigan City-La Porte, IN",2020-05-20,0.66671561066532,0.084026470951108
"Michigan City-La Porte, IN",2020-05-21,0.70039861326797,0.083640256329416
"Michigan City-La Porte, IN",2020-05-22,0.66791020043955,0.068849896468433
"Michigan City-La Porte, IN",2020-05-23,0.68677634874483,0.069972677301115
"Michigan City-La Porte, IN",2020-05-24,0.65345616264561,0.058428761402122
"Michigan City-La Porte, IN",2020-05-25,0.79893989765364,0.10043711376747
"Michigan City-La Porte, IN",2020-05-26,0.82544822230548,0.095233170506216
"Michigan City-La Porte, IN",2020-05-27,0.84236954030245,0.098592246984374
"Michigan City-La Porte, IN",2020-05-28,0.91195602522211,0.095284352556508
"Michigan City-La Porte, IN",2020-05-29,0.91168150313308,0.084194524661756
"Michigan City-La Porte, IN",2020-05-30,0.86973239364846,0.092960681044918
"Michigan City-La Porte, IN",2020-05-31,0.82559378890633,0.10522521561504
"Michigan City-La Porte, IN",2020-06-01,0.66964958173004,0.079488728530074
"Michigan City-La Porte, IN",2020-06-02,0.62096810320658,0.083223358577952
"Michigan City-La Porte, IN",2020-06-03,0.59461707690486,0.079886875178554
"Michigan City-La Porte, IN",2020-06-04,0.51631671237873,0.067142346139837
"Michigan City-La Porte, IN",2020-06-05,0.49546903753416,0.065258775738186
"Michigan City-La Porte, IN",2020-06-06,0.47069073899507,0.068946884333929
"Michigan City-La Porte, IN",2020-06-07,0.5967469975444,0.13419546141422
"Michigan City-La Porte, IN",2020-06-08,0.6365712719941,0.12137171221569
"Michigan City-La Porte, IN",2020-06-09,0.63407663316973,0.13982559726847
"Michigan City-La Porte, IN",2020-06-10,0.63508001559095,0.14265665415466
"Michigan City-La Porte, IN",2020-06-11,0.61474334778154,0.12975755288671
"Michigan City-La Porte, IN",2020-06-12,0.64501711407513,0.11460033473192
"Michigan City-La Porte, IN",2020-06-13,0.64521031808252,0.14938921649533
"Michigan City-La Porte, IN",2020-06-14,0.64011017711722,0.10738163685071
"Michigan City-La Porte, IN",2020-06-15,0.56965769089407,0.11123400232221
"Michigan City-La Porte, IN",2020-06-16,0.69650706795228,0.16282129577944
"Michigan City-La Porte, IN",2020-06-17,0.69296394078684,0.15366847616991
"Michigan City-La Porte, IN",2020-06-18,0.77054299033096,0.18905380703006
"Michigan City-La Porte, IN",2020-06-19,0.77237263715101,0.17129335716759
"Michigan City-La Porte, IN",2020-06-20,0.81359834669226,0.17958200550979
"Michigan City-La Porte, IN",2020-06-21,0.73189898098828,0.15667928692061
"Michigan City-La Porte, IN",2020-06-22,0.72586934240327,0.1500616439972
"Michigan City-La Porte, IN",2020-06-23,0.6581550562148,0.14028722440276
"Michigan City-La Porte, IN",2020-06-24,0.69031823349149,0.13859322528063
"Michigan City-La Porte, IN",2020-06-25,0.59614794672208,0.1008404629451
"Michigan City-La Porte, IN",2020-06-26,0.57675915962433,0.090570898335235
"Michigan City-La Porte, IN",2020-06-27,0.66747699981537,0.14205389225195
"Michigan City-La Porte, IN",2020-06-28,0.71711361767282,0.13894698490526
"Michigan City-La Porte, IN",2020-06-29,0.89773077915138,0.19363392084914
"Michigan City-La Porte, IN",2020-06-30,0.89773077915138,0.19363392084914
"Muncie, IN",2020-04-15,1.0867494981851,0.12943446676266
"Muncie, IN",2020-04-16,1.0274548325327,0.14286752586414
"Muncie, IN",2020-04-17,0.95037374990945,0.18343429544844
"Muncie, IN",2020-04-18,0.78364818798718,0.11678026889302
"Muncie, IN",2020-04-19,0.72061361786012,0.11735464965566
"Muncie, IN",2020-04-20,0.62725549547347,0.14152696930261
"Muncie, IN",2020-04-21,0.72218060884171,0.18292711517137
"Muncie, IN",2020-04-22,0.47196314511026,0.11783130444735
"Muncie, IN",2020-04-23,0.57618888449333,0.10672448663872
"Muncie, IN",2020-04-24,0.5807094818158,0.11291240173768
"Muncie, IN",2020-04-25,0.70505032013294,0.10227219433574
"Muncie, IN",2020-04-26,0.92232770850675,0.12548160156584
"Muncie, IN",2020-04-27,0.92709853755724,0.11861839469163
"Muncie, IN",2020-04-28,1.0729530241191,0.1413274310206
"Muncie, IN",2020-04-29,1.1598244317397,0.12964158029072
"Muncie, IN",2020-04-30,1.1469804002942,0.12078605543814
"Muncie, IN",2020-05-01,1.1155825981422,0.115649378733
"Muncie, IN",2020-05-02,1.0620558979807,0.1130542560405
"Muncie, IN",2020-05-03,0.90223579517784,0.1097662737215
"Muncie, IN",2020-05-04,0.83058576014127,0.12911159260517
"Muncie, IN",2020-05-05,0.73558810456864,0.095033083904274
"Muncie, IN",2020-05-06,0.70894375592918,0.087637385859047
"Muncie, IN",2020-05-07,0.67503356728466,0.092365497431233
"Muncie, IN",2020-05-08,0.71280782300999,0.096360660671511
"Muncie, IN",2020-05-09,0.6765905770453,0.090238907563334
"Muncie, IN",2020-05-10,0.63544049643587,0.099391991858888
"Muncie, IN",2020-05-11,0.79657107594328,0.091445004005943
"Muncie, IN",2020-05-12,0.84849889241525,0.11444721451472
"Muncie, IN",2020-05-13,0.75720273417839,0.09167522501058
"Muncie, IN",2020-05-14,0.70356800716532,0.092428047721719
"Muncie, IN",2020-05-15,0.62794458781649,0.0823201428721
"Muncie, IN",2020-05-16,0.7372930530421,0.14350687024641
"Muncie, IN",2020-05-17,0.92090666055249,0.15185617773628
"Muncie, IN",2020-05-18,0.9169137561924,0.14695826856853
"Muncie, IN",2020-05-19,0.92131036858305,0.15750816401295
"Muncie, IN",2020-05-20,0.97917704791202,0.12086118923569
"Muncie, IN",2020-05-21,0.98521765124346,0.11638269788256
"Muncie, IN",2020-05-22,0.94200268245081,0.12489337028153
"Muncie, IN",2020-05-23,0.99765415829905,0.093294214872413
"Muncie, IN",2020-05-24,0.95642819886041,0.08565562284888
"Muncie, IN",2020-05-25,0.95138266825343,0.06808711050571
"Muncie, IN",2020-05-26,1.134495706402,0.072561197852104
"Muncie, IN",2020-05-27,1.3056315055108,0.099459732721974
"Muncie, IN",2020-05-28,1.2826622070024,0.093385333394225
"Muncie, IN",2020-05-29,1.3145157093133,0.11514359146141
"Muncie, IN",2020-05-30,1.2521037502807,0.11809914917944
"Muncie, IN",2020-05-31,1.1611744045674,0.14499693198452
"Muncie, IN",2020-06-01,1.0947379678948,0.15760640653993
"Muncie, IN",2020-06-02,1.1076746516477,0.1518472522854
"Muncie, IN",2020-06-03,0.97945119342981,0.14215296718921
"Muncie, IN",2020-06-04,0.93721708650076,0.15787281177708
"Muncie, IN",2020-06-05,0.71978831463022,0.10033138871129
"Muncie, IN",2020-06-06,0.5121314136846,0.09917838254546
"Muncie, IN",2020-06-07,0.53767299860636,0.1061364293441
"Muncie, IN",2020-06-08,0.795287776977,0.14822427254105
"Muncie, IN",2020-06-09,0.80073509298532,0.18149669043298
"Muncie, IN",2020-06-10,1.0271423050765,0.15925930276357
"Muncie, IN",2020-06-11,1.0882819449408,0.20143038945781
"Muncie, IN",2020-06-12,1.0881907193462,0.20205003614907
"Muncie, IN",2020-06-13,1.0872260973915,0.21606851834961
"Muncie, IN",2020-06-14,1.170655935758,0.20539518271094
"Muncie, IN",2020-06-15,0.96471459022818,0.21162175677102
"Muncie, IN",2020-06-16,0.9683039048645,0.20100329798407
"Muncie, IN",2020-06-17,0.81113191105041,0.16306639144285
"Muncie, IN",2020-06-18,0.69648713185788,0.14706233669869
"Muncie, IN",2020-06-19,0.81212680571766,0.13420016988703
"Muncie, IN",2020-06-20,0.73146949845354,0.14998592078834
"Muncie, IN",2020-06-21,0.4963309602654,0.128950490706
"Muncie, IN",2020-06-22,0.48974560832182,0.11359580891715
"Muncie, IN",2020-06-23,0.32209871202186,0.066557387166762
"Muncie, IN",2020-06-24,0.36916346104359,0.066984729929723
"Muncie, IN",2020-06-25,0.31024407501221,0.055753928405138
"Muncie, IN",2020-06-26,0.36261763290937,0.058706854630456
"Muncie, IN",2020-06-27,0.40745551158062,0.062824400713866
"Muncie, IN",2020-06-28,0.39571135627428,0.064760166997192
"Muncie, IN",2020-06-29,0.56163146500081,0.10363234300079
"Muncie, IN",2020-06-30,0.56163146500081,0.10363234300079
"South Bend-Mishawaka, IN-MI",2020-04-15,0.97381188261786,0.098515234912374
"South Bend-Mishawaka, IN-MI",2020-04-16,0.99045982850513,0.12764690191527
"South Bend-Mishawaka, IN-MI",2020-04-17,1.1764858030577,0.15549145500825
"South Bend-Mishawaka, IN-MI",2020-04-18,1.0065271167444,0.14276195835085
"South Bend-Mishawaka, IN-MI",2020-04-19,1.1368162747964,0.15114223627804
"South Bend-Mishawaka, IN-MI",2020-04-20,1.2515821377646,0.13690273022076
"South Bend-Mishawaka, IN-MI",2020-04-21,1.3638531198922,0.1766076297684
"South Bend-Mishawaka, IN-MI",2020-04-22,1.5595592712166,0.18583769435521
"South Bend-Mishawaka, IN-MI",2020-04-23,1.6968024884894,0.16335531011678
"South Bend-Mishawaka, IN-MI",2020-04-24,1.652306979022,0.16007942820969
"South Bend-Mishawaka, IN-MI",2020-04-25,1.6188003706395,0.16938870693495
"South Bend-Mishawaka, IN-MI",2020-04-26,1.4340839620758,0.13630533986952
"South Bend-Mishawaka, IN-MI",2020-04-27,1.3791376420816,0.14062312632398
"South Bend-Mishawaka, IN-MI",2020-04-28,1.3821696752858,0.14009078548824
"South Bend-Mishawaka, IN-MI",2020-04-29,1.3357300811646,0.11437105293083
"South Bend-Mishawaka, IN-MI",2020-04-30,1.2761076053995,0.10775360748664
"South Bend-Mishawaka, IN-MI",2020-05-01,1.1474860049399,0.094745610213012
"South Bend-Mishawaka, IN-MI",2020-05-02,1.1147452857034,0.10274567700124
"South Bend-Mishawaka, IN-MI",2020-05-03,1.0476649436764,0.098116115292058
"South Bend-Mishawaka, IN-MI",2020-05-04,1.0498367989396,0.10046622320641
"South Bend-Mishawaka, IN-MI",2020-05-05,0.87067765024993,0.090270203459499
"South Bend-Mishawaka, IN-MI",2020-05-06,0.79247455989378,0.078680667295283
"South Bend-Mishawaka, IN-MI",2020-05-07,0.79450155214344,0.082536284453634
"South Bend-Mishawaka, IN-MI",2020-05-08,0.74922113458199,0.1007928000511
"South Bend-Mishawaka, IN-MI",2020-05-09,0.68231535153776,0.087460283742823
"South Bend-Mishawaka, IN-MI",2020-05-10,0.63793377781395,0.09573527133319
"South Bend-Mishawaka, IN-MI",2020-05-11,0.54578454357211,0.064917124588729
"South Bend-Mishawaka, IN-MI",2020-05-12,0.52693441010258,0.0616610112212
"South Bend-Mishawaka, IN-MI",2020-05-13,0.48274156960947,0.063999442569124
"South Bend-Mishawaka, IN-MI",2020-05-14,0.43538691535881,0.050617193023897
"South Bend-Mishawaka, IN-MI",2020-05-15,0.42867945784244,0.03921394763468
"South Bend-Mishawaka, IN-MI",2020-05-16,0.52692584046452,0.053495669794346
"South Bend-Mishawaka, IN-MI",2020-05-17,0.54749563529895,0.058864496863698997
"South Bend-Mishawaka, IN-MI",2020-05-18,0.60127769856292,0.049620541001995
"South Bend-Mishawaka, IN-MI",2020-05-19,0.55683055247198,0.053067357234069
"South Bend-Mishawaka, IN-MI",2020-05-20,0.54625533647019,0.041824798687225
"South Bend-Mishawaka, IN-MI",2020-05-21,0.53219253378564,0.043998549944281
"South Bend-Mishawaka, IN-MI",2020-05-22,0.57306538381496,0.044026506983656
"South Bend-Mishawaka, IN-MI",2020-05-23,0.56667589834383,0.040804055689507
"South Bend-Mishawaka, IN-MI",2020-05-24,0.56012796676157,0.045459584902276
"South Bend-Mishawaka, IN-MI",2020-05-25,0.59695439771233,0.050596277501372
"South Bend-Mishawaka, IN-MI",2020-05-26,0.82058712505228,0.053285473678121
"South Bend-Mishawaka, IN-MI",2020-05-27,0.81660846700791,0.058423042408479
"South Bend-Mishawaka, IN-MI",2020-05-28,0.79312917207114,0.051182893149005
"South Bend-Mishawaka, IN-MI",2020-05-29,0.94554769316644,0.058788743456778
"South Bend-Mishawaka, IN-MI",2020-05-30,0.84502134926658,0.056310280067546
"South Bend-Mishawaka, IN-MI",2020-05-31,0.81733697066868,0.0706921679978
"South Bend-Mishawaka, IN-MI",2020-06-01,0.70500268932201,0.060333528608382
"South Bend-Mishawaka, IN-MI",2020-06-02,0.65419992095119,0.057793198759077
"South Bend-Mishawaka, IN-MI",2020-06-03,0.55597187391192,0.056429213488006
"South Bend-Mishawaka, IN-MI",2020-06-04,0.57639724324592,0.061483261045241
"South Bend-Mishawaka, IN-MI",2020-06-05,0.54650709244237,0.067044604373579
"South Bend-Mishawaka, IN-MI",2020-06-06,0.56753425051956,0.067125264704307
"South Bend-Mishawaka, IN-MI",2020-06-07,0.6585820445964,0.04645151386553
"South Bend-Mishawaka, IN-MI",2020-06-08,0.60481721342427,0.039793055184675
"South Bend-Mishawaka, IN-MI",2020-06-09,0.61733127019214,0.065264292053902
"South Bend-Mishawaka, IN-MI",2020-06-10,0.6247323512644,0.063832054278516
"South Bend-Mishawaka, IN-MI",2020-06-11,0.54800232623551,0.063060837427104
"South Bend-Mishawaka, IN-MI",2020-06-12,0.6195633940227,0.081380928415875
"South Bend-Mishawaka, IN-MI",2020-06-13,0.57986754987626,0.078031913497613
"South Bend-Mishawaka, IN-MI",2020-06-14,0.57165491581455,0.069206973172154
"South Bend-Mishawaka, IN-MI",2020-06-15,0.5333997934265,0.075921720839232
"South Bend-Mishawaka, IN-MI",2020-06-16,0.48360430059064,0.074451100675212
"South Bend-Mishawaka, IN-MI",2020-06-17,0.80565479469358,0.060842530931369
"South Bend-Mishawaka, IN-MI",2020-06-18,0.9212955807645,0.067858103360986
"South Bend-Mishawaka, IN-MI",2020-06-19,0.84266608714379,0.049504066443459
"South Bend-Mishawaka, IN-MI",2020-06-20,0.82800503720364,0.056130013048779
"South Bend-Mishawaka, IN-MI",2020-06-21,0.82794418620187,0.073938010207982
"South Bend-Mishawaka, IN-MI",2020-06-22,0.82730387641596,0.09014402930026
"South Bend-Mishawaka, IN-MI",2020-06-23,1.4614825677047,0.10187603733308
"South Bend-Mishawaka, IN-MI",2020-06-24,1.711006536309,0.10383471467062
"South Bend-Mishawaka, IN-MI",2020-06-25,1.4209281410106,0.098998366569733
"South Bend-Mishawaka, IN-MI",2020-06-26,1.1944888469466,0.089593135870303
"South Bend-Mishawaka, IN-MI",2020-06-27,1.167382902784,0.1025687881472
"South Bend-Mishawaka, IN-MI",2020-06-28,1.1404023958613,0.087994743011185
"South Bend-Mishawaka, IN-MI",2020-06-29,1.089486470839,0.081454130448891
"South Bend-Mishawaka, IN-MI",2020-06-30,1.089486470839,0.081454130448891
"Terre Haute, IN",2020-04-15,1.0182006283294,0.15127221193398
"Terre Haute, IN",2020-04-16,0.90710259644599,0.14735181681266
"Terre Haute, IN",2020-04-17,0.79954685112914,0.15259079630448
"Terre Haute, IN",2020-04-18,0.89716452703557,0.1612844496157
"Terre Haute, IN",2020-04-19,0.83860785187294,0.16434949454608
"Terre Haute, IN",2020-04-20,0.93296475212465,0.17334365517102
"Terre Haute, IN",2020-04-21,0.98178887691333006,0.185476051659
"Terre Haute, IN",2020-04-22,0.76135189826968,0.14901647343457
"Terre Haute, IN",2020-04-23,0.98806253753912,0.19110044641832
"Terre Haute, IN",2020-04-24,0.98666201066805,0.17218232610092
"Terre Haute, IN",2020-04-25,0.7948706762717,0.1143996405927
"Terre Haute, IN",2020-04-26,0.78307441872945,0.1210655881163
"Terre Haute, IN",2020-04-27,0.7942522818401,0.12257907177676
"Terre Haute, IN",2020-04-28,0.71715523504824,0.11957903599798
"Terre Haute, IN",2020-04-29,0.69738985545439,0.083754373556718
"Terre Haute, IN",2020-04-30,0.61896561507713,0.080612183970022
"Terre Haute, IN",2020-05-01,0.62231765200537,0.079365327162215
"Terre Haute, IN",2020-05-02,0.64204383109529,0.094713169528384
"Terre Haute, IN",2020-05-03,0.69381536341126,0.095664674694862
"Terre Haute, IN",2020-05-04,0.65401292454323,0.10010036919229
"Terre Haute, IN",2020-05-05,0.82106107042216,0.12714681017749
"Terre Haute, IN",2020-05-06,0.9701923826938,0.13149839700776
"Terre Haute, IN",2020-05-07,1.0385388960608,0.1671340003335
"Terre Haute, IN",2020-05-08,1.0804038246079,0.18698784848093
"Terre Haute, IN",2020-05-09,1.0642144101723,0.20603997194858
"Terre Haute, IN",2020-05-10,1.1370342767629,0.18913037936782
"Terre Haute, IN",2020-05-11,1.0599834679281,0.22983395828444
"Terre Haute, IN",2020-05-12,0.80342361366789,0.16292255315069
"Terre Haute, IN",2020-05-13,0.64758816078662,0.12303163534176
"Terre Haute, IN",2020-05-14,0.61341253222915,0.11178668767617
"Terre Haute, IN",2020-05-15,0.62722999394457,0.11226756188017
"Terre Haute, IN",2020-05-16,0.70522339333106,0.12901717067795
"Terre Haute, IN",2020-05-17,0.58840894147966,0.092484112139224
"Terre Haute, IN",2020-05-18,0.5417933671757,0.078027590889296
"Terre Haute, IN",2020-05-19,0.51538588887493,0.090499192515386
"Terre Haute, IN",2020-05-20,0.52186646878067,0.066827708681089
"Terre Haute, IN",2020-05-21,0.57735786683525,0.096193936312682
"Terre Haute, IN",2020-05-22,0.61621475237074,0.10308970909185
"Terre Haute, IN",2020-05-23,0.53145833000552,0.083915548455772
"Terre Haute, IN",2020-05-24,0.50950715941419,0.075319615128773
"Terre Haute, IN",2020-05-25,0.50298076779011,0.077213881277313
"Terre Haute, IN",2020-05-26,0.56634667424282,0.08872943193019
"Terre Haute, IN",2020-05-27,0.54921292238779,0.087371458898002
"Terre Haute, IN",2020-05-28,0.44030407507908,0.084423552267171
"Terre Haute, IN",2020-05-29,0.49015786994202,0.088468614815129007
"Terre Haute, IN",2020-05-30,0.49777831305785,0.089884536462105
"Terre Haute, IN",2020-05-31,0.57554153587592,0.10685727446971
"Terre Haute, IN",2020-06-01,0.74765268699069,0.13726748321793
"Terre Haute, IN",2020-06-02,0.71057625049083,0.12215209261504
"Terre Haute, IN",2020-06-03,0.66873605329497,0.1325035398882
"Terre Haute, IN",2020-06-04,0.71637654771758,0.13673112486101
"Terre Haute, IN",2020-06-05,0.58933364925133,0.10919438958013
"Terre Haute, IN",2020-06-06,0.71838978096029,0.14799531372724
"Terre Haute, IN",2020-06-07,0.71372215326253,0.15188256381894
"Terre Haute, IN",2020-06-08,0.54540984637626,0.12192394899649
"Terre Haute, IN",2020-06-09,0.60052033246055,0.14424434642442
"Terre Haute, IN",2020-06-10,0.58515847720339,0.12978380906544
"Terre Haute, IN",2020-06-11,0.64411309966392,0.1328442104187
"Terre Haute, IN",2020-06-12,0.69790177314784,0.13713909473816
"Terre Haute, IN",2020-06-13,0.68579024673559,0.12354829034183
"Terre Haute, IN",2020-06-14,0.58412070006942,0.11946938397816
"Terre Haute, IN",2020-06-15,0.57900051294795,0.12567454324608
"Terre Haute, IN",2020-06-16,0.57750092867857,0.13294777996469
"Terre Haute, IN",2020-06-17,0.55956048276535,0.11843825502891
"Terre Haute, IN",2020-06-18,0.50005484857198,0.092570042561372
"Terre Haute, IN",2020-06-19,0.42794671033082,0.087709556534622
"Terre Haute, IN",2020-06-20,0.38824823760754,0.070663554156193
"Terre Haute, IN",2020-06-21,0.55233082360373,0.089670869838671
"Terre Haute, IN",2020-06-22,0.57829556165906,0.093073258932194
"Terre Haute, IN",2020-06-23,0.53906552367949,0.10800404049185
"Terre Haute, IN",2020-06-24,0.53769851989087,0.11117120412423
"Terre Haute, IN",2020-06-25,0.58747529845774,0.12778026157153
"Terre Haute, IN",2020-06-26,0.60405128867603,0.13382923793802
"Terre Haute, IN",2020-06-27,0.61118126124994,0.1200197396347
"Terre Haute, IN",2020-06-28,0.43473367003502,0.10046099561417
"Terre Haute, IN",2020-06-29,0.4313656287833,0.10780925094869
"Terre Haute, IN",2020-06-30,0.4313656287833,0.10780925094869
"Bloomington, IN",2020-07-01,0.38090024223459,0.08122005227687
"Cincinnati, OH-KY-IN",2020-07-01,1.3211515925142,0.036590768506996
"Columbus, IN",2020-07-01,1.0820564837753,0.31975734078263
"Fort Wayne, IN",2020-07-01,1.083912755007,0.097466409387112
"Elkhart-Goshen, IN",2020-07-01,0.98991963937804,0.063864345870646
"Evansville, IN-KY",2020-07-01,0.97102883679787,0.066899119218202
"Chicago-Naperville-Elgin, IL-IN-WI",2020-07-01,0.74370375290246,0.039063572663735
"Indianapolis-Carmel-Anderson, IN",2020-07-01,0.61127318246768,0.047426107134443
"Kokomo, IN",2020-07-01,0.54654043999555,0.063882268921315
"Lafayette-West Lafayette, IN",2020-07-01,0.49978236564278,0.08311155263761
"Louisville/Jefferson County, KY-IN",2020-07-01,0.75890191733148,0.051861905267819
"Michigan City-La Porte, IN",2020-07-01,0.72409324362253,0.17815506810034001
"Muncie, IN",2020-07-01,0.57948973277832,0.12944650282001
"South Bend-Mishawaka, IN-MI",2020-07-01,0.8467564712219,0.060564216640291
"Terre Haute, IN",2020-07-01,0.41004016577376,0.081200436021358
"Bloomington, IN",2020-07-01,0.38090024223459,0.08122005227687
"Cincinnati, OH-KY-IN",2020-07-01,1.3211515925142,0.036590768506996
"Columbus, IN",2020-07-01,1.0820564837753,0.31975734078263
"Fort Wayne, IN",2020-07-01,1.083912755007,0.097466409387112
"Elkhart-Goshen, IN",2020-07-01,0.98991963937804,0.063864345870646
"Evansville, IN-KY",2020-07-01,0.97102883679787,0.066899119218202
"Chicago-Naperville-Elgin, IL-IN-WI",2020-07-01,0.74370375290246,0.039063572663735
"Indianapolis-Carmel-Anderson, IN",2020-07-01,0.61127318246768,0.047426107134443
"Kokomo, IN",2020-07-01,0.54654043999555,0.063882268921315
"Lafayette-West Lafayette, IN",2020-07-01,0.49978236564278,0.08311155263761
"Louisville/Jefferson County, KY-IN",2020-07-01,0.75890191733148,0.051861905267819
"Michigan City-La Porte, IN",2020-07-01,0.72409324362253,0.17815506810034001
"Muncie, IN",2020-07-01,0.57948973277832,0.12944650282001
"South Bend-Mishawaka, IN-MI",2020-07-01,0.8467564712219,0.060564216640291
"Terre Haute, IN",2020-07-01,0.41004016577376,0.081200436021358
"Bloomington, IN",2020-07-02,0.52310622466477,0.14344290482086
"Cincinnati, OH-KY-IN",2020-07-02,1.2216264627752,0.068307117593531
"Columbus, IN",2020-07-02,1.1203679439764,0.30871150838041
"Fort Wayne, IN",2020-07-02,1.0375169663844,0.10385574238325
"Elkhart-Goshen, IN",2020-07-02,0.86231222000833,0.079189589324134
"Evansville, IN-KY",2020-07-02,1.5234921527746,0.076426351149256
"Chicago-Naperville-Elgin, IL-IN-WI",2020-07-02,0.8123523987592,0.028554680526515
"Indianapolis-Carmel-Anderson, IN",2020-07-02,0.59727469220782,0.043435235907437
"Kokomo, IN",2020-07-02,0.49492704078525,0.060983205106528
"Lafayette-West Lafayette, IN",2020-07-02,0.49230067918168,0.079258278396364
"Louisville/Jefferson County, KY-IN",2020-07-02,0.66680958694328,0.041500856585925
"Michigan City-La Porte, IN",2020-07-02,0.74380190221453,0.16894781622541
"Muncie, IN",2020-07-02,0.56373646942816,0.14491222183493
"South Bend-Mishawaka, IN-MI",2020-07-02,0.73190196607667,0.064701520493977
"Terre Haute, IN",2020-07-02,0.49545222089949,0.10474439890119
Bloomington,2020-07-03,0.63871086009128,0.12457436289645
Cincinnati,2020-07-03,1.1783839733152,0.038864328757405
Columbus,2020-07-03,0.66070874941723,0.21649621289264
Fort Wayne,2020-07-03,1.0191397225763,0.09652319458244
Elkhart-Goshen,2020-07-03,0.86325023399071,0.083794929205305
Evansville,2020-07-03,1.5022218076944,0.088782344059468
Chicago-Naperville-Elgin,2020-07-03,0.84937716045997,0.019360455936301
Indianapolis-Carmel-Anderson,2020-07-03,0.70840600041503,0.03940703608172
Kokomo,2020-07-03,0.65191669059475,0.069319753183386
Lafayette-West Lafayette,2020-07-03,0.48948500869998,0.074201428526889
Louisville/Jefferson County,2020-07-03,0.67474995447434,0.036578631614357
Michigan City-La Porte,2020-07-03,0.73872350644574,0.17071043775205
Muncie,2020-07-03,0.68729891813992,0.13621623640752
South Bend-Mishawaka,2020-07-03,0.63162199527492,0.058694600501448
Terre Haute,2020-07-03,0.42597367985353,0.082275031942637
Bloomington,2020-07-04,0.85896528824797,0.12867069011023
Cincinnati,2020-07-04,1.096683746362,0.043666140962134
Columbus,2020-07-04,0.9641353884053,0.21091908075521
Fort Wayne,2020-07-04,1.0417835216813,0.10426351780767
Elkhart-Goshen,2020-07-04,0.75844305302829,0.091743428333611
Evansville,2020-07-04,1.3073661844604,0.088284510973287
Chicago-Naperville-Elgin,2020-07-04,0.76825272330558,0.022729766830058
Indianapolis-Carmel-Anderson,2020-07-04,0.98209860946406,0.043144771596772
Kokomo,2020-07-04,0.85890006625872,0.063679301622232
Lafayette-West Lafayette,2020-07-04,0.61609685096186,0.095425645278862
Louisville/Jefferson County,2020-07-04,0.61786063181713,0.036028174858988
Michigan City-La Porte,2020-07-04,0.67296743895159,0.16613496208086
Muncie,2020-07-04,0.9544011064862,0.14828554761175
South Bend-Mishawaka,2020-07-04,0.54665005967411,0.061525579704233
Terre Haute,2020-07-04,0.42204885511242,0.083453702933743
Bloomington,2020-07-05,1.0745175641668,0.14119136296831
Cincinnati,2020-07-05,0.95449546558838,0.041905670069215
Columbus,2020-07-05,0.99693536551981,0.19926461071813
Fort Wayne,2020-07-05,1.0266714315807,0.11589441785361
Elkhart-Goshen,2020-07-05,0.7465093323848,0.091757846751053
Evansville,2020-07-05,1.1759900933425,0.095152087131635
Chicago-Naperville-Elgin,2020-07-05,0.74649437505744,0.025473717157956
Indianapolis-Carmel-Anderson,2020-07-05,0.99842897234674,0.056130111661351
Kokomo,2020-07-05,0.85542501238722,0.06902277700959
Lafayette-West Lafayette,2020-07-05,0.63729336669141,0.10205116062206
Louisville/Jefferson County,2020-07-05,0.5265574494094,0.043071968439627
Michigan City-La Porte,2020-07-05,0.57067699045254,0.13487743870719
Muncie,2020-07-05,1.0749900208235,0.13999053515982
South Bend-Mishawaka,2020-07-05,0.48660219484508,0.05158274230392
Terre Haute,2020-07-05,0.36633681641377,0.084673166684895
Bloomington,2020-07-06,1.0691453990859,0.14222980875439
Cincinnati,2020-07-06,0.79915204697349,0.046395005901859
Columbus,2020-07-06,0.986186055805,0.2479475132436
Fort Wayne,2020-07-06,0.9530006002591,0.098767200263943
Elkhart-Goshen,2020-07-06,0.68612774358796,0.079975423492608
Evansville,2020-07-06,1.766896261608,0.087725186152849
Chicago-Naperville-Elgin,2020-07-06,0.74273156625549,0.026253926577489
Indianapolis-Carmel-Anderson,2020-07-06,0.91919706260289,0.054501376743884
Kokomo,2020-07-06,0.761615728917,0.057096546017876
Lafayette-West Lafayette,2020-07-06,0.56406359403024,0.090592948956454
Louisville/Jefferson County,2020-07-06,0.77590778857721,0.040086245215603
Michigan City-La Porte,2020-07-06,0.52900303837471,0.11546066480538
Muncie,2020-07-06,0.98871977703795,0.13040732079806
South Bend-Mishawaka,2020-07-06,0.40174053465915,0.046772553409724
Terre Haute,2020-07-06,0.36222872811218,0.08994111001537
Bloomington,2020-07-08,1.4293652607242,0.19547950504434
Cincinnati,2020-07-08,0.81243915198168,0.058212338857963
Columbus,2020-07-08,0.5691860069947,0.13677166016734
Fort Wayne,2020-07-08,1.5686560562349,0.086483918032187
Elkhart-Goshen,2020-07-08,0.73311783252716,0.08119064056521
Evansville,2020-07-08,1.222197539077,0.085398199427503
Chicago-Naperville-Elgin,2020-07-08,0.91690769473511,0.030967438973063
Indianapolis-Carmel-Anderson,2020-07-08,0.85131309161053,0.037558198989244
Kokomo,2020-07-08,0.57727146865226,0.052339742726
Lafayette-West Lafayette,2020-07-08,0.60087739090446,0.0870016619324
Louisville/Jefferson County,2020-07-08,0.6947762059109,0.033555093075421
Michigan City-La Porte,2020-07-08,0.53730796303269,0.072027447263144
Muncie,2020-07-08,0.77748251378201,0.096761334942238
South Bend-Mishawaka,2020-07-08,0.48362805380044,0.063444077656342
Terre Haute,2020-07-08,0.41066825345853,0.096006893837193
Bloomington,2020-07-09,1.3638743884396,0.18148787915474
Cincinnati,2020-07-09,1.0372113135982,0.049003619644092
Columbus,2020-07-09,0.64276783007156,0.14239748476665
Fort Wayne,2020-07-09,1.7809216084831,0.081546551693887
Elkhart-Goshen,2020-07-09,0.7565844908032,0.085090998663631
Evansville,2020-07-09,1.0994374169992,0.07130599265561
Chicago-Naperville-Elgin,2020-07-09,1.0190927328262,0.091795461217426
Indianapolis-Carmel-Anderson,2020-07-09,0.98230029495963,0.069199875704929
Kokomo,2020-07-09,0.48331339478649,0.051848436531428
Lafayette-West Lafayette,2020-07-09,0.59210878369115,0.0968125582579
Louisville/Jefferson County,2020-07-09,1.0289154517367,0.040821178029091
Michigan City-La Porte,2020-07-09,0.64833223267363,0.075535151110794
Muncie,2020-07-09,0.68895206371435,0.10468223454874
South Bend-Mishawaka,2020-07-09,0.52047760084196,0.061621784917952
Terre Haute,2020-07-09,0.34831201716224,0.065787284167518
Bloomington,2020-07-10,1.4987842558625,0.18406772791532
Cincinnati,2020-07-10,1.0468933166052,0.033557626783409
Columbus,2020-07-10,0.72778664481558,0.17859252080468
Fort Wayne,2020-07-10,1.6198373009057,0.089876861720199
Elkhart-Goshen,2020-07-10,0.69714096384096,0.079170060260383
Evansville,2020-07-10,0.94276416492278,0.081193391255057007
Chicago-Naperville-Elgin,2020-07-10,0.96613437548323,0.019815697322432
Indianapolis-Carmel-Anderson,2020-07-10,0.93206762843667,0.047827219554783
Kokomo,2020-07-10,0.43178741425672,0.05335115248607
Lafayette-West Lafayette,2020-07-10,0.69200193872505,0.10454591652029
Louisville/Jefferson County,2020-07-10,1.1707015949665,0.032013706715578
Michigan City-La Porte,2020-07-10,0.69596526731208,0.079811353954684
Muncie,2020-07-10,0.70866937681108,0.091774655433786
South Bend-Mishawaka,2020-07-10,0.50609555705737,0.05813429025024
Terre Haute,2020-07-10,0.31105886657051,0.050075385562312
Bloomington,2020-07-11,1.5246413477531,0.19815595482005
Cincinnati,2020-07-11,0.9211040556752,0.027988393777722
Columbus,2020-07-11,0.6135010734399,0.17813657450113
Fort Wayne,2020-07-11,1.4417506254441,0.073971656424464
Elkhart-Goshen,2020-07-11,0.65926130078028,0.074693083474294
Evansville,2020-07-11,0.93081333614963,0.080976662741612
Chicago-Naperville-Elgin,2020-07-11,0.9129686444053,0.020626370202546
Indianapolis-Carmel-Anderson,2020-07-11,0.7619178618317,0.03868223362971
Kokomo,2020-07-11,0.43725993780588,0.062754344174069
Lafayette-West Lafayette,2020-07-11,0.6496593207314,0.096502803930964
Louisville/Jefferson County,2020-07-11,1.080201555118,0.044613957261598
Michigan City-La Porte,2020-07-11,0.71131542607291,0.077020737995736
Muncie,2020-07-11,0.89980328128841,0.14275702194257
South Bend-Mishawaka,2020-07-11,0.56983848364536,0.077838699519676
Terre Haute,2020-07-11,0.33148794282026,0.057512845990871
Bloomington,2020-07-13,1.9224260676169,0.20889603225901
Cincinnati,2020-07-13,0.80883497239864,0.044871421083002
Columbus,2020-07-13,0.71786319310156,0.20947430860357
Fort Wayne,2020-07-13,1.0972545475772,0.07143017360378
Elkhart-Goshen,2020-07-13,0.6483384166583,0.074184854427511
Evansville,2020-07-13,1.008035004075,0.081029014929119
Chicago-Naperville-Elgin,2020-07-13,0.90823223182665,0.026188074541514
Indianapolis-Carmel-Anderson,2020-07-13,0.81440561834833,0.043530756147822
Kokomo,2020-07-13,0.67598347789041,0.072763034691848
Lafayette-West Lafayette,2020-07-13,0.7955550551201,0.10150393143296
Louisville/Jefferson County,2020-07-13,0.85886828313866,0.04056145341626
Michigan City-La Porte,2020-07-13,0.79072382622642,0.08353620665816
Muncie,2020-07-13,1.1219587995695,0.15276157566474
South Bend-Mishawaka,2020-07-13,0.64696381868839,0.071210696824826
Terre Haute,2020-07-13,0.4225759614783,0.061403054067504
